file,class,method,variable,usage
C:\cwa-server-main\common\federation\src\test\java\app\coronawarn\server\common\federation\client\CloudFederationFeignHttpClientProviderSmokeTest.java,app.coronawarn.server.common.federation.client.CloudFederationFeignHttpClientProviderSmokeTest,testThrowException/0,provider,1
C:\cwa-server-main\common\federation\src\test\java\app\coronawarn\server\common\federation\client\CloudFederationFeignHttpClientProviderSmokeTest.java,app.coronawarn.server.common.federation.client.CloudFederationFeignHttpClientProviderSmokeTest,testThrowException/0,ssl,6
C:\cwa-server-main\common\federation\src\test\java\app\coronawarn\server\common\federation\client\CloudFederationFeignHttpClientProviderSmokeTest.java,app.coronawarn.server.common.federation.client.CloudFederationFeignHttpClientProviderSmokeTest,testThrowException/0,config,3
C:\cwa-server-main\common\federation\src\test\java\app\coronawarn\server\common\federation\client\CloudFederationFeignHttpClientProviderSmokeTest.java,app.coronawarn.server.common.federation.client.CloudFederationFeignHttpClientProviderSmokeTest,testCanLoadKeystore/0,cut,1
C:\cwa-server-main\common\federation\src\test\java\app\coronawarn\server\common\federation\client\CloudFederationFeignHttpClientProviderSmokeTest.java,app.coronawarn.server.common.federation.client.CloudFederationFeignHttpClientProviderSmokeTest,testCanLoadKeystore/0,ssl,6
C:\cwa-server-main\common\federation\src\test\java\app\coronawarn\server\common\federation\client\CloudFederationFeignHttpClientProviderSmokeTest.java,app.coronawarn.server.common.federation.client.CloudFederationFeignHttpClientProviderSmokeTest,testCanLoadKeystore/0,config,3
C:\cwa-server-main\common\federation\src\test\java\app\coronawarn\server\common\federation\client\upload\BatchUploadResponseTest.java,app.coronawarn.server.common.federation.client.upload.BatchUploadResponseTest,checkEmptyBatchUploadResponse/0,batchUploadResponse,3
C:\cwa-server-main\common\federation\src\main\java\app\coronawarn\server\common\federation\client\FederationGatewayClient.java,app.coronawarn.server.common.federation.client.FederationGatewayClient,"putCallbackRegistration/2[java.lang.String,java.lang.String]",id,0
C:\cwa-server-main\common\federation\src\main\java\app\coronawarn\server\common\federation\client\FederationGatewayClient.java,app.coronawarn.server.common.federation.client.FederationGatewayClient,"putCallbackRegistration/2[java.lang.String,java.lang.String]",url,0
C:\cwa-server-main\common\federation\src\main\java\app\coronawarn\server\common\federation\client\FederationGatewayClient.java,app.coronawarn.server.common.federation.client.FederationGatewayClient,"getDiagnosisKeys/2[java.lang.String,java.lang.String]",date,0
C:\cwa-server-main\common\federation\src\main\java\app\coronawarn\server\common\federation\client\FederationGatewayClient.java,app.coronawarn.server.common.federation.client.FederationGatewayClient,"getDiagnosisKeys/2[java.lang.String,java.lang.String]",batchTag,0
C:\cwa-server-main\common\federation\src\main\java\app\coronawarn\server\common\federation\client\FederationGatewayClient.java,app.coronawarn.server.common.federation.client.FederationGatewayClient,getDiagnosisKeys/1[java.lang.String],date,0
C:\cwa-server-main\common\federation\src\main\java\app\coronawarn\server\common\federation\client\FederationGatewayClient.java,app.coronawarn.server.common.federation.client.FederationGatewayClient,"getAuditInformation/2[java.lang.String,java.lang.String]",date,0
C:\cwa-server-main\common\federation\src\main\java\app\coronawarn\server\common\federation\client\FederationGatewayClient.java,app.coronawarn.server.common.federation.client.FederationGatewayClient,"getAuditInformation/2[java.lang.String,java.lang.String]",batchTag,0
C:\cwa-server-main\common\federation\src\main\java\app\coronawarn\server\common\federation\client\FederationGatewayClient.java,app.coronawarn.server.common.federation.client.FederationGatewayClient,"postBatchUpload/3[byte[],java.lang.String,java.lang.String]",batchTag,0
C:\cwa-server-main\common\federation\src\main\java\app\coronawarn\server\common\federation\client\FederationGatewayClient.java,app.coronawarn.server.common.federation.client.FederationGatewayClient,"postBatchUpload/3[byte[],java.lang.String,java.lang.String]",raw,0
C:\cwa-server-main\common\federation\src\main\java\app\coronawarn\server\common\federation\client\FederationGatewayClient.java,app.coronawarn.server.common.federation.client.FederationGatewayClient,"postBatchUpload/3[byte[],java.lang.String,java.lang.String]",batchSignature,0
C:\cwa-server-main\common\federation\src\main\java\app\coronawarn\server\common\federation\client\CloudFederationFeignHttpClientProvider.java,app.coronawarn.server.common.federation.client.CloudFederationFeignHttpClientProvider,"CloudFederationFeignHttpClientProvider/2[app.coronawarn.server.common.federation.client.config.FederationGatewayConfig,app.coronawarn.server.common.federation.client.hostname.HostnameVerifierProvider]",hostnameVerifierProvider,2
C:\cwa-server-main\common\federation\src\main\java\app\coronawarn\server\common\federation\client\CloudFederationFeignHttpClientProvider.java,app.coronawarn.server.common.federation.client.CloudFederationFeignHttpClientProvider,"CloudFederationFeignHttpClientProvider/2[app.coronawarn.server.common.federation.client.config.FederationGatewayConfig,app.coronawarn.server.common.federation.client.hostname.HostnameVerifierProvider]",config,2
C:\cwa-server-main\common\federation\src\main\java\app\coronawarn\server\common\federation\client\CloudFederationFeignHttpClientProvider.java,app.coronawarn.server.common.federation.client.CloudFederationFeignHttpClientProvider,"CloudFederationFeignHttpClientProvider/2[app.coronawarn.server.common.federation.client.config.FederationGatewayConfig,app.coronawarn.server.common.federation.client.hostname.HostnameVerifierProvider]",ssl,4
C:\cwa-server-main\common\federation\src\main\java\app\coronawarn\server\common\federation\client\CloudFederationFeignHttpClientProvider.java,app.coronawarn.server.common.federation.client.CloudFederationFeignHttpClientProvider,"getSslContext/2[java.io.File,java.lang.String]",e,1
C:\cwa-server-main\common\federation\src\main\java\app\coronawarn\server\common\federation\client\CloudFederationFeignHttpClientProvider.java,app.coronawarn.server.common.federation.client.CloudFederationFeignHttpClientProvider,"getSslContext/2[java.io.File,java.lang.String]",keyStorePass,2
C:\cwa-server-main\common\federation\src\main\java\app\coronawarn\server\common\federation\client\CloudFederationFeignHttpClientProvider.java,app.coronawarn.server.common.federation.client.CloudFederationFeignHttpClientProvider,"getSslContext/2[java.io.File,java.lang.String]",keyStorePath,1
C:\cwa-server-main\common\federation\src\main\java\app\coronawarn\server\common\federation\client\CloudFederationFeignHttpClientProvider.java,app.coronawarn.server.common.federation.client.CloudFederationFeignHttpClientProvider,"federationHttpClientFactory/3[int,java.io.File,java.lang.String]",connectionPoolSize,2
C:\cwa-server-main\common\federation\src\main\java\app\coronawarn\server\common\federation\client\CloudFederationFeignHttpClientProvider.java,app.coronawarn.server.common.federation.client.CloudFederationFeignHttpClientProvider,"federationHttpClientFactory/3[int,java.io.File,java.lang.String]",keyStorePass,1
C:\cwa-server-main\common\federation\src\main\java\app\coronawarn\server\common\federation\client\CloudFederationFeignHttpClientProvider.java,app.coronawarn.server.common.federation.client.CloudFederationFeignHttpClientProvider,"federationHttpClientFactory/3[int,java.io.File,java.lang.String]",keyStorePath,1
C:\cwa-server-main\common\federation\src\main\java\app\coronawarn\server\common\federation\client\download\FederationGatewayHttpMessageConverter.java,app.coronawarn.server.common.federation.client.download.FederationGatewayHttpMessageConverter,"readInternal/2[java.lang.Class<? extends app.coronawarn.server.common.federation.client.download.DiagnosisKeyBatch>,app.coronawarn.server.common.federation.client.download.HttpInputMessage]",e,1
C:\cwa-server-main\common\federation\src\main\java\app\coronawarn\server\common\federation\client\download\FederationGatewayHttpMessageConverter.java,app.coronawarn.server.common.federation.client.download.FederationGatewayHttpMessageConverter,"readInternal/2[java.lang.Class<? extends app.coronawarn.server.common.federation.client.download.DiagnosisKeyBatch>,app.coronawarn.server.common.federation.client.download.HttpInputMessage]",message,2
C:\cwa-server-main\common\federation\src\main\java\app\coronawarn\server\common\federation\client\download\FederationGatewayHttpMessageConverter.java,app.coronawarn.server.common.federation.client.download.FederationGatewayHttpMessageConverter,"readInternal/2[java.lang.Class<? extends app.coronawarn.server.common.federation.client.download.DiagnosisKeyBatch>,app.coronawarn.server.common.federation.client.download.HttpInputMessage]",body,1
C:\cwa-server-main\common\federation\src\main\java\app\coronawarn\server\common\federation\client\download\FederationGatewayHttpMessageConverter.java,app.coronawarn.server.common.federation.client.download.FederationGatewayHttpMessageConverter,"readInternal/2[java.lang.Class<? extends app.coronawarn.server.common.federation.client.download.DiagnosisKeyBatch>,app.coronawarn.server.common.federation.client.download.HttpInputMessage]",clazz,0
C:\cwa-server-main\common\federation\src\main\java\app\coronawarn\server\common\federation\client\download\FederationGatewayHttpMessageConverter.java,app.coronawarn.server.common.federation.client.download.FederationGatewayHttpMessageConverter,supports/1[java.lang.Class<?>],clazz,1
C:\cwa-server-main\common\federation\src\main\java\app\coronawarn\server\common\federation\client\download\FederationGatewayHttpMessageConverter.java,app.coronawarn.server.common.federation.client.download.FederationGatewayHttpMessageConverter,"writeInternal/2[app.coronawarn.server.common.federation.client.download.DiagnosisKeyBatch,app.coronawarn.server.common.federation.client.download.HttpOutputMessage]",outputMessage,0
C:\cwa-server-main\common\federation\src\main\java\app\coronawarn\server\common\federation\client\download\FederationGatewayHttpMessageConverter.java,app.coronawarn.server.common.federation.client.download.FederationGatewayHttpMessageConverter,"writeInternal/2[app.coronawarn.server.common.federation.client.download.DiagnosisKeyBatch,app.coronawarn.server.common.federation.client.download.HttpOutputMessage]",message,0
C:\cwa-server-main\common\federation\src\main\java\app\coronawarn\server\common\federation\client\CloudFeignHttpClientProviderException.java,app.coronawarn.server.common.federation.client.CloudFeignHttpClientProviderException,CloudFeignHttpClientProviderException/1[java.lang.Throwable],cause,1
C:\cwa-server-main\common\federation\src\main\java\app\coronawarn\server\common\federation\client\config\FederationGatewayConfig.java,app.coronawarn.server.common.federation.client.config.FederationGatewayConfig$Ssl,setTrustStore/1[java.io.File],trustStore,2
C:\cwa-server-main\common\federation\src\main\java\app\coronawarn\server\common\federation\client\config\FederationGatewayConfig.java,app.coronawarn.server.common.federation.client.config.FederationGatewayConfig$Ssl,setTrustStorePassword/1[java.lang.String],trustStorePassword,2
C:\cwa-server-main\common\federation\src\main\java\app\coronawarn\server\common\federation\client\config\FederationGatewayConfig.java,app.coronawarn.server.common.federation.client.config.FederationGatewayConfig$Ssl,setKeyStorePassword/1[java.lang.String],keyStorePassword,2
C:\cwa-server-main\common\federation\src\main\java\app\coronawarn\server\common\federation\client\config\FederationGatewayConfig.java,app.coronawarn.server.common.federation.client.config.FederationGatewayConfig$Ssl,setKeyStore/1[java.io.File],keyStore,2
C:\cwa-server-main\common\federation\src\main\java\app\coronawarn\server\common\federation\client\config\FederationGatewayConfig.java,app.coronawarn.server.common.federation.client.config.FederationGatewayConfig$Ssl,setCertificateType/1[java.lang.String],certificateType,2
C:\cwa-server-main\common\federation\src\main\java\app\coronawarn\server\common\federation\client\config\FederationGatewayConfig.java,app.coronawarn.server.common.federation.client.config.FederationGatewayConfig$Ssl,setCertificateDn/1[java.lang.String],certificateDn,2
C:\cwa-server-main\common\federation\src\main\java\app\coronawarn\server\common\federation\client\config\FederationGatewayConfig.java,app.coronawarn.server.common.federation.client.config.FederationGatewayConfig$Ssl,setCertificateSha/1[java.lang.String],certificateSha,2
C:\cwa-server-main\common\federation\src\main\java\app\coronawarn\server\common\federation\client\upload\BatchUploadResponse.java,app.coronawarn.server.common.federation.client.upload.BatchUploadResponse,"BatchUploadResponse/3[java.util.List<java.lang.String>,java.util.List<java.lang.String>,java.util.List<java.lang.String>]",status409,2
C:\cwa-server-main\common\federation\src\main\java\app\coronawarn\server\common\federation\client\upload\BatchUploadResponse.java,app.coronawarn.server.common.federation.client.upload.BatchUploadResponse,"BatchUploadResponse/3[java.util.List<java.lang.String>,java.util.List<java.lang.String>,java.util.List<java.lang.String>]",status500,2
C:\cwa-server-main\common\federation\src\main\java\app\coronawarn\server\common\federation\client\upload\BatchUploadResponse.java,app.coronawarn.server.common.federation.client.upload.BatchUploadResponse,"BatchUploadResponse/3[java.util.List<java.lang.String>,java.util.List<java.lang.String>,java.util.List<java.lang.String>]",status201,2
C:\cwa-server-main\common\federation\src\main\java\app\coronawarn\server\common\federation\client\config\FederationGatewayConfig.java,app.coronawarn.server.common.federation.client.config.FederationGatewayConfig,setBaseUrl/1[java.lang.String],baseUrl,2
C:\cwa-server-main\common\federation\src\main\java\app\coronawarn\server\common\federation\client\config\FederationGatewayConfig.java,app.coronawarn.server.common.federation.client.config.FederationGatewayConfig,setConnectionPoolSize/1[java.lang.Integer],connectionPoolSize,2
C:\cwa-server-main\common\federation\src\main\java\app\coronawarn\server\common\federation\client\config\FederationGatewayConfig.java,app.coronawarn.server.common.federation.client.config.FederationGatewayConfig,setSsl/1[app.coronawarn.server.common.federation.client.config.FederationGatewayConfig.Ssl],ssl,2
C:\cwa-server-main\common\federation\src\main\java\app\coronawarn\server\common\federation\client\callback\RegistrationResponse.java,app.coronawarn.server.common.federation.client.callback.RegistrationResponse,setId/1[java.lang.String],id,2
C:\cwa-server-main\common\federation\src\main\java\app\coronawarn\server\common\federation\client\callback\RegistrationResponse.java,app.coronawarn.server.common.federation.client.callback.RegistrationResponse,"RegistrationResponse/2[java.lang.String,java.lang.String]",id,2
C:\cwa-server-main\common\federation\src\main\java\app\coronawarn\server\common\federation\client\callback\RegistrationResponse.java,app.coronawarn.server.common.federation.client.callback.RegistrationResponse,"RegistrationResponse/2[java.lang.String,java.lang.String]",url,2
C:\cwa-server-main\common\federation\src\main\java\app\coronawarn\server\common\federation\client\callback\RegistrationResponse.java,app.coronawarn.server.common.federation.client.callback.RegistrationResponse,setUrl/1[java.lang.String],url,2
C:\cwa-server-main\common\federation\src\test\java\app\coronawarn\server\common\federation\client\download\FederationGatewayHttpMessageConverterTest.java,app.coronawarn.server.common.federation.client.download.FederationGatewayHttpMessageConverterTest,writeInternalThrowsUnsupportedOperationException/0,outputMessage,1
C:\cwa-server-main\common\federation\src\test\java\app\coronawarn\server\common\federation\client\download\FederationGatewayHttpMessageConverterTest.java,app.coronawarn.server.common.federation.client.download.FederationGatewayHttpMessageConverterTest,writeInternalThrowsUnsupportedOperationException/0,message,1
C:\cwa-server-main\common\federation\src\test\java\app\coronawarn\server\common\federation\client\download\FederationGatewayHttpMessageConverterTest.java,app.coronawarn.server.common.federation.client.download.FederationGatewayHttpMessageConverterTest,"buildHttpInputMessage/3[byte[],java.lang.String,java.lang.String]",headers,4
C:\cwa-server-main\common\federation\src\test\java\app\coronawarn\server\common\federation\client\download\FederationGatewayHttpMessageConverterTest.java,app.coronawarn.server.common.federation.client.download.FederationGatewayHttpMessageConverterTest,"buildHttpInputMessage/3[byte[],java.lang.String,java.lang.String]",batchTag,1
C:\cwa-server-main\common\federation\src\test\java\app\coronawarn\server\common\federation\client\download\FederationGatewayHttpMessageConverterTest.java,app.coronawarn.server.common.federation.client.download.FederationGatewayHttpMessageConverterTest,"buildHttpInputMessage/3[byte[],java.lang.String,java.lang.String]",body,1
C:\cwa-server-main\common\federation\src\test\java\app\coronawarn\server\common\federation\client\download\FederationGatewayHttpMessageConverterTest.java,app.coronawarn.server.common.federation.client.download.FederationGatewayHttpMessageConverterTest,"buildHttpInputMessage/3[byte[],java.lang.String,java.lang.String]",message,3
C:\cwa-server-main\common\federation\src\test\java\app\coronawarn\server\common\federation\client\download\FederationGatewayHttpMessageConverterTest.java,app.coronawarn.server.common.federation.client.download.FederationGatewayHttpMessageConverterTest,"buildHttpInputMessage/3[byte[],java.lang.String,java.lang.String]",nextBatchTag,1
C:\cwa-server-main\common\federation\src\test\java\app\coronawarn\server\common\federation\client\download\FederationGatewayHttpMessageConverterTest.java,app.coronawarn.server.common.federation.client.download.FederationGatewayHttpMessageConverterTest,readInternalThrowsHttpMessageNotReadableExceptionIfPayloadInvalid/0,message,1
