file,class,method,variable,usage
C:\CatVodTVSpider-master\app\src\main\java\com\github\catvod\utils\SpiderOKClient.java,com.github.catvod.utils.SpiderOKClient,noRedirectClient/0,noRedirectClient,4
C:\CatVodTVSpider-master\app\src\main\java\com\github\catvod\spider\N0ys.java,com.github.catvod.spider.N0ys,"categoryContent/4[java.lang.String,java.lang.String,boolean,java.util.HashMap<java.lang.String,java.lang.String>]",siteUrl,1
C:\CatVodTVSpider-master\app\src\main\java\com\github\catvod\spider\N0ys.java,com.github.catvod.spider.N0ys,"categoryContent/4[java.lang.String,java.lang.String,boolean,java.util.HashMap<java.lang.String,java.lang.String>]",regexPage,2
C:\CatVodTVSpider-master\app\src\main\java\com\github\catvod\spider\N0ys.java,com.github.catvod.spider.N0ys,"categoryContent/4[java.lang.String,java.lang.String,boolean,java.util.HashMap<java.lang.String,java.lang.String>]",regexVid,1
C:\CatVodTVSpider-master\app\src\main\java\com\github\catvod\spider\N0ys.java,com.github.catvod.spider.N0ys,"searchContent/2[java.lang.String,boolean]",siteUrl,1
C:\CatVodTVSpider-master\app\src\main\java\com\github\catvod\spider\N0ys.java,com.github.catvod.spider.N0ys,detailContent/1[java.util.List<java.lang.String>],playerConfig,2
C:\CatVodTVSpider-master\app\src\main\java\com\github\catvod\spider\N0ys.java,com.github.catvod.spider.N0ys,detailContent/1[java.util.List<java.lang.String>],siteUrl,1
C:\CatVodTVSpider-master\app\src\main\java\com\github\catvod\spider\N0ys.java,com.github.catvod.spider.N0ys,detailContent/1[java.util.List<java.lang.String>],regexPlay,1
C:\CatVodTVSpider-master\app\src\main\java\com\github\catvod\spider\N0ys.java,com.github.catvod.spider.N0ys,homeContent/1[boolean],siteUrl,2
C:\CatVodTVSpider-master\app\src\main\java\com\github\catvod\spider\N0ys.java,com.github.catvod.spider.N0ys,homeContent/1[boolean],regexCategory,1
C:\CatVodTVSpider-master\app\src\main\java\com\github\catvod\spider\N0ys.java,com.github.catvod.spider.N0ys,homeContent/1[boolean],regexVid,1
C:\CatVodTVSpider-master\app\src\main\java\com\github\catvod\spider\N0ys.java,com.github.catvod.spider.N0ys,init/1[com.github.catvod.spider.Context],playerConfig,1
C:\CatVodTVSpider-master\app\src\main\java\com\github\catvod\spider\N0ys.java,com.github.catvod.spider.N0ys,getHeaders/1[java.lang.String],siteHost,1
C:\CatVodTVSpider-master\app\src\main\java\com\github\catvod\spider\N0ys.java,com.github.catvod.spider.N0ys,getHeaders/1[java.lang.String],ua,1
C:\CatVodTVSpider-master\app\src\main\java\com\github\catvod\spider\N0ys.java,com.github.catvod.spider.N0ys,"playerContent/3[java.lang.String,java.lang.String,java.util.List<java.lang.String>]",playerConfig,2
C:\CatVodTVSpider-master\app\src\main\java\com\github\catvod\spider\Ysdq.java,com.github.catvod.spider.Ysdq,getJson/0,sites,2
C:\CatVodTVSpider-master\app\src\main\java\com\github\catvod\spider\Ysdq.java,com.github.catvod.spider.Ysdq,getJson/0,sourceName,2
C:\CatVodTVSpider-master\app\src\main\java\com\github\catvod\spider\Ysdq.java,com.github.catvod.spider.Ysdq,fetchRule/0,sites,2
C:\CatVodTVSpider-master\app\src\main\java\com\github\catvod\spider\Ysdq.java,com.github.catvod.spider.Ysdq,"init/2[com.github.catvod.spider.Context,java.lang.String]",sourceName,1
C:\CatVodTVSpider-master\app\src\main\java\com\github\catvod\parser\JsonParallel.java,com.github.catvod.parser.JsonParallel,"parse/2[java.util.LinkedHashMap<java.lang.String,java.lang.String>,java.lang.String]",ParseOKTag,1
C:\CatVodTVSpider-master\app\src\main\java\com\github\catvod\spider\Jumi.java,com.github.catvod.spider.Jumi,"categoryContent/4[java.lang.String,java.lang.String,boolean,java.util.HashMap<java.lang.String,java.lang.String>]",siteUrl,1
C:\CatVodTVSpider-master\app\src\main\java\com\github\catvod\spider\Jumi.java,com.github.catvod.spider.Jumi,"categoryContent/4[java.lang.String,java.lang.String,boolean,java.util.HashMap<java.lang.String,java.lang.String>]",regexPage,2
C:\CatVodTVSpider-master\app\src\main\java\com\github\catvod\spider\Jumi.java,com.github.catvod.spider.Jumi,"categoryContent/4[java.lang.String,java.lang.String,boolean,java.util.HashMap<java.lang.String,java.lang.String>]",regexVid,1
C:\CatVodTVSpider-master\app\src\main\java\com\github\catvod\spider\Jumi.java,com.github.catvod.spider.Jumi,init/1[com.github.catvod.spider.Context],playerConfig,1
C:\CatVodTVSpider-master\app\src\main\java\com\github\catvod\spider\Jumi.java,com.github.catvod.spider.Jumi,init/1[com.github.catvod.spider.Context],filterConfig,1
C:\CatVodTVSpider-master\app\src\main\java\com\github\catvod\spider\Jumi.java,com.github.catvod.spider.Jumi,homeContent/1[boolean],siteUrl,1
C:\CatVodTVSpider-master\app\src\main\java\com\github\catvod\spider\Jumi.java,com.github.catvod.spider.Jumi,homeContent/1[boolean],regexCategory,1
C:\CatVodTVSpider-master\app\src\main\java\com\github\catvod\spider\Jumi.java,com.github.catvod.spider.Jumi,homeContent/1[boolean],filterConfig,1
C:\CatVodTVSpider-master\app\src\main\java\com\github\catvod\spider\Jumi.java,com.github.catvod.spider.Jumi,homeContent/1[boolean],regexVid,1
C:\CatVodTVSpider-master\app\src\main\java\com\github\catvod\spider\Jumi.java,com.github.catvod.spider.Jumi,"playerContent/3[java.lang.String,java.lang.String,java.util.List<java.lang.String>]",playerConfig,2
C:\CatVodTVSpider-master\app\src\main\java\com\github\catvod\spider\Jumi.java,com.github.catvod.spider.Jumi,"playerContent/3[java.lang.String,java.lang.String,java.util.List<java.lang.String>]",siteUrl,1
C:\CatVodTVSpider-master\app\src\main\java\com\github\catvod\spider\Jumi.java,com.github.catvod.spider.Jumi,"searchContent/2[java.lang.String,boolean]",siteUrl,1
C:\CatVodTVSpider-master\app\src\main\java\com\github\catvod\spider\Jumi.java,com.github.catvod.spider.Jumi,getHeaders/1[java.lang.String],siteHost,1
C:\CatVodTVSpider-master\app\src\main\java\com\github\catvod\spider\Jumi.java,com.github.catvod.spider.Jumi,detailContent/1[java.util.List<java.lang.String>],playerConfig,2
C:\CatVodTVSpider-master\app\src\main\java\com\github\catvod\spider\Jumi.java,com.github.catvod.spider.Jumi,detailContent/1[java.util.List<java.lang.String>],siteUrl,1
C:\CatVodTVSpider-master\app\src\main\java\com\github\catvod\spider\Jumi.java,com.github.catvod.spider.Jumi,detailContent/1[java.util.List<java.lang.String>],regexPlay,1
C:\CatVodTVSpider-master\app\src\main\java\com\github\catvod\spider\Aidi.java,com.github.catvod.spider.Aidi,"playerContent/3[java.lang.String,java.lang.String,java.util.List<java.lang.String>]",playerConfig,2
C:\CatVodTVSpider-master\app\src\main\java\com\github\catvod\spider\Aidi.java,com.github.catvod.spider.Aidi,"playerContent/3[java.lang.String,java.lang.String,java.util.List<java.lang.String>]",siteUrl,1
C:\CatVodTVSpider-master\app\src\main\java\com\github\catvod\spider\Aidi.java,com.github.catvod.spider.Aidi,homeContent/1[boolean],siteUrl,2
C:\CatVodTVSpider-master\app\src\main\java\com\github\catvod\spider\Aidi.java,com.github.catvod.spider.Aidi,homeContent/1[boolean],regexCategory,1
C:\CatVodTVSpider-master\app\src\main\java\com\github\catvod\spider\Aidi.java,com.github.catvod.spider.Aidi,homeContent/1[boolean],filterConfig,1
C:\CatVodTVSpider-master\app\src\main\java\com\github\catvod\spider\Aidi.java,com.github.catvod.spider.Aidi,homeContent/1[boolean],regexVid,1
C:\CatVodTVSpider-master\app\src\main\java\com\github\catvod\spider\Aidi.java,com.github.catvod.spider.Aidi,detailContent/1[java.util.List<java.lang.String>],playerConfig,2
C:\CatVodTVSpider-master\app\src\main\java\com\github\catvod\spider\Aidi.java,com.github.catvod.spider.Aidi,detailContent/1[java.util.List<java.lang.String>],siteUrl,1
C:\CatVodTVSpider-master\app\src\main\java\com\github\catvod\spider\Aidi.java,com.github.catvod.spider.Aidi,detailContent/1[java.util.List<java.lang.String>],regexPlay,1
C:\CatVodTVSpider-master\app\src\main\java\com\github\catvod\spider\Aidi.java,com.github.catvod.spider.Aidi,"categoryContent/4[java.lang.String,java.lang.String,boolean,java.util.HashMap<java.lang.String,java.lang.String>]",siteUrl,1
C:\CatVodTVSpider-master\app\src\main\java\com\github\catvod\spider\Aidi.java,com.github.catvod.spider.Aidi,"categoryContent/4[java.lang.String,java.lang.String,boolean,java.util.HashMap<java.lang.String,java.lang.String>]",regexPage,2
C:\CatVodTVSpider-master\app\src\main\java\com\github\catvod\spider\Aidi.java,com.github.catvod.spider.Aidi,"categoryContent/4[java.lang.String,java.lang.String,boolean,java.util.HashMap<java.lang.String,java.lang.String>]",regexVid,1
C:\CatVodTVSpider-master\app\src\main\java\com\github\catvod\spider\Aidi.java,com.github.catvod.spider.Aidi,init/1[com.github.catvod.spider.Context],playerConfig,1
C:\CatVodTVSpider-master\app\src\main\java\com\github\catvod\spider\Aidi.java,com.github.catvod.spider.Aidi,init/1[com.github.catvod.spider.Context],filterConfig,1
C:\CatVodTVSpider-master\app\src\main\java\com\github\catvod\spider\Aidi.java,com.github.catvod.spider.Aidi,"searchContent/2[java.lang.String,boolean]",siteUrl,1
C:\CatVodTVSpider-master\app\src\main\java\com\github\catvod\spider\Aidi.java,com.github.catvod.spider.Aidi,"searchContent/2[java.lang.String,boolean]",regexVid,1
C:\CatVodTVSpider-master\app\src\main\java\com\github\catvod\spider\Aidi.java,com.github.catvod.spider.Aidi,getHeaders/1[java.lang.String],siteHost,1
C:\CatVodTVSpider-master\app\src\main\java\com\github\catvod\crawler\SpiderReq.java,com.github.catvod.crawler.SpiderReq,"get/2[com.github.catvod.crawler.OkHttpClient,com.github.catvod.crawler.SpiderUrl]",defaultTag,1
C:\CatVodTVSpider-master\app\src\main\java\com\github\catvod\crawler\SpiderReq.java,com.github.catvod.crawler.SpiderReq,"header/2[java.lang.String,java.util.HashMap<java.lang.String,java.lang.String>]",defaultClient,1
C:\CatVodTVSpider-master\app\src\main\java\com\github\catvod\crawler\SpiderReq.java,com.github.catvod.crawler.SpiderReq,"header/2[java.lang.String,java.util.HashMap<java.lang.String,java.lang.String>]",defaultTag,1
C:\CatVodTVSpider-master\app\src\main\java\com\github\catvod\crawler\SpiderReq.java,com.github.catvod.crawler.SpiderReq,get/1[com.github.catvod.crawler.SpiderUrl],defaultClient,1
C:\CatVodTVSpider-master\app\src\main\java\com\github\catvod\crawler\SpiderReq.java,com.github.catvod.crawler.SpiderReq,get/1[com.github.catvod.crawler.SpiderUrl],defaultTag,1
C:\CatVodTVSpider-master\app\src\main\java\com\github\catvod\crawler\SpiderReq.java,com.github.catvod.crawler.SpiderReq,"get/2[com.github.catvod.crawler.SpiderUrl,java.lang.String]",defaultClient,1
C:\CatVodTVSpider-master\app\src\main\java\com\github\catvod\crawler\SpiderReq.java,com.github.catvod.crawler.SpiderReq,"postJson/3[java.lang.String,java.util.HashMap<java.lang.String,java.lang.String>,java.util.HashMap<java.lang.String,java.lang.String>]",defaultClient,1
C:\CatVodTVSpider-master\app\src\main\java\com\github\catvod\crawler\SpiderReq.java,com.github.catvod.crawler.SpiderReq,"postJson/3[java.lang.String,java.util.HashMap<java.lang.String,java.lang.String>,java.util.HashMap<java.lang.String,java.lang.String>]",defaultTag,1
C:\CatVodTVSpider-master\app\src\main\java\com\github\catvod\crawler\SpiderReq.java,com.github.catvod.crawler.SpiderReq,"postBody/3[java.lang.String,com.github.catvod.crawler.RequestBody,java.util.HashMap<java.lang.String,java.lang.String>]",defaultClient,1
C:\CatVodTVSpider-master\app\src\main\java\com\github\catvod\crawler\SpiderReq.java,com.github.catvod.crawler.SpiderReq,"postBody/3[java.lang.String,com.github.catvod.crawler.RequestBody,java.util.HashMap<java.lang.String,java.lang.String>]",defaultTag,1
C:\CatVodTVSpider-master\app\src\main\java\com\github\catvod\crawler\SpiderReq.java,com.github.catvod.crawler.SpiderReq,"postForm/3[java.lang.String,java.util.HashMap<java.lang.String,java.lang.String>,java.util.HashMap<java.lang.String,java.lang.String>]",defaultClient,1
C:\CatVodTVSpider-master\app\src\main\java\com\github\catvod\crawler\SpiderReq.java,com.github.catvod.crawler.SpiderReq,"postForm/3[java.lang.String,java.util.HashMap<java.lang.String,java.lang.String>,java.util.HashMap<java.lang.String,java.lang.String>]",defaultTag,1
C:\CatVodTVSpider-master\app\src\main\java\com\github\catvod\spider\XPathEgg.java,com.github.catvod.spider.XPathEgg,"detailContentExt/2[java.lang.String,com.github.catvod.spider.JSONObject]",tk,1
C:\CatVodTVSpider-master\app\src\main\java\com\github\catvod\spider\XPathEgg.java,com.github.catvod.spider.XPathEgg,loadRuleExt/1[java.lang.String],tk,1
C:\CatVodTVSpider-master\app\src\main\java\com\github\catvod\spider\Ysgc.java,com.github.catvod.spider.Ysgc,"playerContent/3[java.lang.String,java.lang.String,java.util.List<java.lang.String>]",playerConfig,1
C:\CatVodTVSpider-master\app\src\main\java\com\github\catvod\spider\Ysgc.java,com.github.catvod.spider.Ysgc,homeContent/1[boolean],siteUrl,1
C:\CatVodTVSpider-master\app\src\main\java\com\github\catvod\spider\Ysgc.java,com.github.catvod.spider.Ysgc,getHeaders/1[java.lang.String],siteHost,1
C:\CatVodTVSpider-master\app\src\main\java\com\github\catvod\spider\Ysgc.java,com.github.catvod.spider.Ysgc,homeVideoContent/0,siteUrl,1
C:\CatVodTVSpider-master\app\src\main\java\com\github\catvod\spider\Ysgc.java,com.github.catvod.spider.Ysgc,"searchContent/2[java.lang.String,boolean]",siteUrl,1
C:\CatVodTVSpider-master\app\src\main\java\com\github\catvod\spider\Ysgc.java,com.github.catvod.spider.Ysgc,detailContent/1[java.util.List<java.lang.String>],playerConfig,1
C:\CatVodTVSpider-master\app\src\main\java\com\github\catvod\spider\Ysgc.java,com.github.catvod.spider.Ysgc,detailContent/1[java.util.List<java.lang.String>],siteUrl,1
C:\CatVodTVSpider-master\app\src\main\java\com\github\catvod\spider\Ysgc.java,com.github.catvod.spider.Ysgc,"categoryContent/4[java.lang.String,java.lang.String,boolean,java.util.HashMap<java.lang.String,java.lang.String>]",siteUrl,1
C:\CatVodTVSpider-master\app\src\main\java\com\github\catvod\crawler\SpiderReqResult.java,com.github.catvod.crawler.SpiderReqResult,"SpiderReqResult/2[java.util.Map<java.lang.String,java.util.List<java.lang.String>>,java.lang.String]",headers,3
C:\CatVodTVSpider-master\app\src\main\java\com\github\catvod\crawler\SpiderReqResult.java,com.github.catvod.crawler.SpiderReqResult,"SpiderReqResult/2[java.util.Map<java.lang.String,java.util.List<java.lang.String>>,java.lang.String]",content,3
C:\CatVodTVSpider-master\app\src\main\java\com\github\catvod\spider\AppYs.java,com.github.catvod.spider.AppYs,"searchContent/2[java.lang.String,boolean]",extString,1
C:\CatVodTVSpider-master\app\src\main\java\com\github\catvod\spider\AppYs.java,com.github.catvod.spider.AppYs,"init/2[com.github.catvod.spider.Context,java.lang.String]",extString,1
C:\CatVodTVSpider-master\app\src\main\java\com\github\catvod\spider\AppYs.java,com.github.catvod.spider.AppYs,detailContent/1[java.util.List<java.lang.String>],extString,1
C:\CatVodTVSpider-master\app\src\main\java\com\github\catvod\spider\AppYs.java,com.github.catvod.spider.AppYs,"getParseUrl/2[java.lang.String,java.lang.String]",urlPattern2,1
C:\CatVodTVSpider-master\app\src\main\java\com\github\catvod\spider\AppYs.java,com.github.catvod.spider.AppYs,"getParseUrl/2[java.lang.String,java.lang.String]",parseUrlMap,4
C:\CatVodTVSpider-master\app\src\main\java\com\github\catvod\spider\AppYs.java,com.github.catvod.spider.AppYs,"categoryContent/4[java.lang.String,java.lang.String,boolean,java.util.HashMap<java.lang.String,java.lang.String>]",extString,1
C:\CatVodTVSpider-master\app\src\main\java\com\github\catvod\spider\AppYs.java,com.github.catvod.spider.AppYs,"getPlayerUrl/3[java.lang.String,java.lang.String,java.lang.String]",urlPattern1,1
C:\CatVodTVSpider-master\app\src\main\java\com\github\catvod\spider\AppYs.java,com.github.catvod.spider.AppYs,"genPlayList/5[java.lang.String,com.github.catvod.spider.JSONObject,java.lang.String,com.github.catvod.spider.JSONObject,java.lang.String]",parseMatchForDotVod,2
C:\CatVodTVSpider-master\app\src\main\java\com\github\catvod\spider\AppYs.java,com.github.catvod.spider.AppYs,"genPlayList/5[java.lang.String,com.github.catvod.spider.JSONObject,java.lang.String,com.github.catvod.spider.JSONObject,java.lang.String]",parsePattern1,3
C:\CatVodTVSpider-master\app\src\main\java\com\github\catvod\spider\AppYs.java,com.github.catvod.spider.AppYs,"genPlayList/5[java.lang.String,com.github.catvod.spider.JSONObject,java.lang.String,com.github.catvod.spider.JSONObject,java.lang.String]",parsePattern2,1
C:\CatVodTVSpider-master\app\src\main\java\com\github\catvod\spider\AppYs.java,com.github.catvod.spider.AppYs,"genPlayList/5[java.lang.String,com.github.catvod.spider.JSONObject,java.lang.String,com.github.catvod.spider.JSONObject,java.lang.String]",parsePattern,2
C:\CatVodTVSpider-master\app\src\main\java\com\github\catvod\spider\AppYs.java,com.github.catvod.spider.AppYs,"genPlayList/5[java.lang.String,com.github.catvod.spider.JSONObject,java.lang.String,com.github.catvod.spider.JSONObject,java.lang.String]",urlPattern1,1
C:\CatVodTVSpider-master\app\src\main\java\com\github\catvod\spider\AppYs.java,com.github.catvod.spider.AppYs,"genPlayList/5[java.lang.String,com.github.catvod.spider.JSONObject,java.lang.String,com.github.catvod.spider.JSONObject,java.lang.String]",parseUrlMap,4
C:\CatVodTVSpider-master\app\src\main\java\com\github\catvod\spider\AppYs.java,com.github.catvod.spider.AppYs,homeContent/1[boolean],extString,1
C:\CatVodTVSpider-master\app\src\main\java\com\github\catvod\spider\AppYs.java,com.github.catvod.spider.AppYs,stopVipFlag/1[java.lang.String],lock,1
C:\CatVodTVSpider-master\app\src\main\java\com\github\catvod\spider\AppYs.java,com.github.catvod.spider.AppYs,stopVipFlag/1[java.lang.String],fakeVips,15
C:\CatVodTVSpider-master\app\src\main\java\com\github\catvod\spider\AppYs.java,com.github.catvod.spider.AppYs,"getSearchUrl/2[java.lang.String,java.lang.String]",urlPattern1,1
C:\CatVodTVSpider-master\app\src\main\java\com\github\catvod\spider\AppYs.java,com.github.catvod.spider.AppYs,"getFinalVideo/2[java.lang.String,com.github.catvod.spider.JSONObject]",htmlVideoKeyMatch,1
C:\CatVodTVSpider-master\app\src\main\java\com\github\catvod\spider\AppYs.java,com.github.catvod.spider.AppYs,"playerContent/3[java.lang.String,java.lang.String,java.util.List<java.lang.String>]",extString,1
C:\CatVodTVSpider-master\app\src\main\java\com\github\catvod\spider\AppYs.java,com.github.catvod.spider.AppYs,homeVideoContent/0,extString,1
C:\CatVodTVSpider-master\app\src\main\java\com\github\catvod\spider\AppYsV2.java,com.github.catvod.spider.AppYsV2,"genPlayList/5[java.lang.String,com.github.catvod.spider.JSONObject,java.lang.String,com.github.catvod.spider.JSONObject,java.lang.String]",parsePattern1,3
C:\CatVodTVSpider-master\app\src\main\java\com\github\catvod\spider\AppYsV2.java,com.github.catvod.spider.AppYsV2,"genPlayList/5[java.lang.String,com.github.catvod.spider.JSONObject,java.lang.String,com.github.catvod.spider.JSONObject,java.lang.String]",parsePattern2,1
C:\CatVodTVSpider-master\app\src\main\java\com\github\catvod\spider\AppYsV2.java,com.github.catvod.spider.AppYsV2,"genPlayList/5[java.lang.String,com.github.catvod.spider.JSONObject,java.lang.String,com.github.catvod.spider.JSONObject,java.lang.String]",urlPattern1,1
C:\CatVodTVSpider-master\app\src\main\java\com\github\catvod\spider\AppYsV2.java,com.github.catvod.spider.AppYsV2,"genPlayList/5[java.lang.String,com.github.catvod.spider.JSONObject,java.lang.String,com.github.catvod.spider.JSONObject,java.lang.String]",parseUrlMap,8
C:\CatVodTVSpider-master\app\src\main\java\com\github\catvod\spider\AppYsV2.java,com.github.catvod.spider.AppYsV2,"init/2[com.github.catvod.spider.Context,java.lang.String]",extInfos,1
C:\CatVodTVSpider-master\app\src\main\java\com\github\catvod\spider\AppYsV2.java,com.github.catvod.spider.AppYsV2,"playerContent/3[java.lang.String,java.lang.String,java.util.List<java.lang.String>]",parseUrlMap,1
C:\CatVodTVSpider-master\app\src\main\java\com\github\catvod\spider\AppYsV2.java,com.github.catvod.spider.AppYsV2,"desc/2[java.lang.String,byte]",extInfos,1
C:\CatVodTVSpider-master\app\src\main\java\com\github\catvod\spider\AppYsV2.java,com.github.catvod.spider.AppYsV2,getApiUrl/0,extInfos,2
C:\CatVodTVSpider-master\app\src\main\java\com\github\catvod\spider\AppYsV2.java,com.github.catvod.spider.AppYsV2,"getSearchUrl/2[java.lang.String,java.lang.String]",urlPattern1,1
C:\CatVodTVSpider-master\app\src\main\java\com\github\catvod\spider\AppYsV2.java,com.github.catvod.spider.AppYsV2,"getFinalVideo/3[java.lang.String,java.util.ArrayList<java.lang.String>,java.lang.String]",htmlVideoKeyMatch,1
C:\CatVodTVSpider-master\app\src\main\java\com\github\catvod\spider\Juhi.java,com.github.catvod.spider.Juhi,init/1[com.github.catvod.spider.Context],playerConfig,1
C:\CatVodTVSpider-master\app\src\main\java\com\github\catvod\spider\Juhi.java,com.github.catvod.spider.Juhi,init/1[com.github.catvod.spider.Context],filterConfig,1
C:\CatVodTVSpider-master\app\src\main\java\com\github\catvod\spider\Juhi.java,com.github.catvod.spider.Juhi,"searchContent/2[java.lang.String,boolean]",siteUrl,1
C:\CatVodTVSpider-master\app\src\main\java\com\github\catvod\spider\Juhi.java,com.github.catvod.spider.Juhi,getHeaders/1[java.lang.String],siteHost,1
C:\CatVodTVSpider-master\app\src\main\java\com\github\catvod\spider\Juhi.java,com.github.catvod.spider.Juhi,detailContent/1[java.util.List<java.lang.String>],playerConfig,2
C:\CatVodTVSpider-master\app\src\main\java\com\github\catvod\spider\Juhi.java,com.github.catvod.spider.Juhi,detailContent/1[java.util.List<java.lang.String>],siteUrl,1
C:\CatVodTVSpider-master\app\src\main\java\com\github\catvod\spider\Juhi.java,com.github.catvod.spider.Juhi,detailContent/1[java.util.List<java.lang.String>],regexPlay,1
C:\CatVodTVSpider-master\app\src\main\java\com\github\catvod\spider\Juhi.java,com.github.catvod.spider.Juhi,"categoryContent/4[java.lang.String,java.lang.String,boolean,java.util.HashMap<java.lang.String,java.lang.String>]",siteUrl,1
C:\CatVodTVSpider-master\app\src\main\java\com\github\catvod\spider\Juhi.java,com.github.catvod.spider.Juhi,"categoryContent/4[java.lang.String,java.lang.String,boolean,java.util.HashMap<java.lang.String,java.lang.String>]",regexPage,2
C:\CatVodTVSpider-master\app\src\main\java\com\github\catvod\spider\Juhi.java,com.github.catvod.spider.Juhi,"categoryContent/4[java.lang.String,java.lang.String,boolean,java.util.HashMap<java.lang.String,java.lang.String>]",regexVid,1
C:\CatVodTVSpider-master\app\src\main\java\com\github\catvod\spider\Juhi.java,com.github.catvod.spider.Juhi,"playerContent/3[java.lang.String,java.lang.String,java.util.List<java.lang.String>]",playerConfig,2
C:\CatVodTVSpider-master\app\src\main\java\com\github\catvod\spider\Juhi.java,com.github.catvod.spider.Juhi,"playerContent/3[java.lang.String,java.lang.String,java.util.List<java.lang.String>]",siteUrl,1
C:\CatVodTVSpider-master\app\src\main\java\com\github\catvod\spider\Juhi.java,com.github.catvod.spider.Juhi,homeContent/1[boolean],siteUrl,2
C:\CatVodTVSpider-master\app\src\main\java\com\github\catvod\spider\Juhi.java,com.github.catvod.spider.Juhi,homeContent/1[boolean],regexCategory,1
C:\CatVodTVSpider-master\app\src\main\java\com\github\catvod\spider\Juhi.java,com.github.catvod.spider.Juhi,homeContent/1[boolean],filterConfig,1
C:\CatVodTVSpider-master\app\src\main\java\com\github\catvod\spider\Juhi.java,com.github.catvod.spider.Juhi,homeContent/1[boolean],regexVid,1
C:\CatVodTVSpider-master\app\src\main\java\com\github\catvod\spider\Cokemv.java,com.github.catvod.spider.Cokemv,init/1[com.github.catvod.spider.Context],playerConfig,1
C:\CatVodTVSpider-master\app\src\main\java\com\github\catvod\spider\Cokemv.java,com.github.catvod.spider.Cokemv,init/1[com.github.catvod.spider.Context],filterConfig,1
C:\CatVodTVSpider-master\app\src\main\java\com\github\catvod\spider\Cokemv.java,com.github.catvod.spider.Cokemv,"playerContent/3[java.lang.String,java.lang.String,java.util.List<java.lang.String>]",playerConfig,2
C:\CatVodTVSpider-master\app\src\main\java\com\github\catvod\spider\Cokemv.java,com.github.catvod.spider.Cokemv,"playerContent/3[java.lang.String,java.lang.String,java.util.List<java.lang.String>]",siteUrl,1
C:\CatVodTVSpider-master\app\src\main\java\com\github\catvod\spider\Cokemv.java,com.github.catvod.spider.Cokemv,homeContent/1[boolean],siteUrl,2
C:\CatVodTVSpider-master\app\src\main\java\com\github\catvod\spider\Cokemv.java,com.github.catvod.spider.Cokemv,homeContent/1[boolean],regexCategory,1
C:\CatVodTVSpider-master\app\src\main\java\com\github\catvod\spider\Cokemv.java,com.github.catvod.spider.Cokemv,homeContent/1[boolean],filterConfig,1
C:\CatVodTVSpider-master\app\src\main\java\com\github\catvod\spider\Cokemv.java,com.github.catvod.spider.Cokemv,homeContent/1[boolean],regexVid,1
C:\CatVodTVSpider-master\app\src\main\java\com\github\catvod\spider\Cokemv.java,com.github.catvod.spider.Cokemv,getHeaders/1[java.lang.String],siteHost,1
C:\CatVodTVSpider-master\app\src\main\java\com\github\catvod\spider\Cokemv.java,com.github.catvod.spider.Cokemv,detailContent/1[java.util.List<java.lang.String>],playerConfig,2
C:\CatVodTVSpider-master\app\src\main\java\com\github\catvod\spider\Cokemv.java,com.github.catvod.spider.Cokemv,detailContent/1[java.util.List<java.lang.String>],siteUrl,1
C:\CatVodTVSpider-master\app\src\main\java\com\github\catvod\spider\Cokemv.java,com.github.catvod.spider.Cokemv,detailContent/1[java.util.List<java.lang.String>],regexPlay,1
C:\CatVodTVSpider-master\app\src\main\java\com\github\catvod\spider\Cokemv.java,com.github.catvod.spider.Cokemv,"categoryContent/4[java.lang.String,java.lang.String,boolean,java.util.HashMap<java.lang.String,java.lang.String>]",siteUrl,1
C:\CatVodTVSpider-master\app\src\main\java\com\github\catvod\spider\Cokemv.java,com.github.catvod.spider.Cokemv,"categoryContent/4[java.lang.String,java.lang.String,boolean,java.util.HashMap<java.lang.String,java.lang.String>]",regexPage,2
C:\CatVodTVSpider-master\app\src\main\java\com\github\catvod\spider\Cokemv.java,com.github.catvod.spider.Cokemv,"categoryContent/4[java.lang.String,java.lang.String,boolean,java.util.HashMap<java.lang.String,java.lang.String>]",regexVid,1
C:\CatVodTVSpider-master\app\src\main\java\com\github\catvod\spider\Cokemv.java,com.github.catvod.spider.Cokemv,"searchContent/2[java.lang.String,boolean]",siteUrl,1
C:\CatVodTVSpider-master\app\src\main\java\com\github\catvod\utils\Misc.java,com.github.catvod.utils.Misc,isVideoFormat/1[java.lang.String],snifferMatch,1
C:\CatVodTVSpider-master\app\src\main\java\com\github\catvod\xpath\XPathRule.java,com.github.catvod.xpath.XPathRule,getDetailUrlNameR/1[java.lang.String],dtUrlNameR,1
C:\CatVodTVSpider-master\app\src\main\java\com\github\catvod\xpath\XPathRule.java,com.github.catvod.xpath.XPathRule,getPlayUa/0,playUa,1
C:\CatVodTVSpider-master\app\src\main\java\com\github\catvod\xpath\XPathRule.java,com.github.catvod.xpath.XPathRule,getDetailFromNode/0,dtFromNode,1
C:\CatVodTVSpider-master\app\src\main\java\com\github\catvod\xpath\XPathRule.java,com.github.catvod.xpath.XPathRule,getHomeVodNode/0,homeVodNode,1
C:\CatVodTVSpider-master\app\src\main\java\com\github\catvod\xpath\XPathRule.java,com.github.catvod.xpath.XPathRule,getDetailYearR/1[java.lang.String],dtYearR,1
C:\CatVodTVSpider-master\app\src\main\java\com\github\catvod\xpath\XPathRule.java,com.github.catvod.xpath.XPathRule,getSearchVodImgR/1[java.lang.String],scVodImgR,1
C:\CatVodTVSpider-master\app\src\main\java\com\github\catvod\xpath\XPathRule.java,com.github.catvod.xpath.XPathRule,getDetailAreaR/1[java.lang.String],dtAreaR,1
C:\CatVodTVSpider-master\app\src\main\java\com\github\catvod\xpath\XPathRule.java,com.github.catvod.xpath.XPathRule,getSearchVodName/0,scVodName,1
C:\CatVodTVSpider-master\app\src\main\java\com\github\catvod\xpath\XPathRule.java,com.github.catvod.xpath.XPathRule,getDetailYear/0,dtYear,1
C:\CatVodTVSpider-master\app\src\main\java\com\github\catvod\xpath\XPathRule.java,com.github.catvod.xpath.XPathRule,getPlayUrl/0,playUrl,1
C:\CatVodTVSpider-master\app\src\main\java\com\github\catvod\xpath\XPathRule.java,com.github.catvod.xpath.XPathRule,getCateNameR/1[java.lang.String],cateNameR,1
C:\CatVodTVSpider-master\app\src\main\java\com\github\catvod\xpath\XPathRule.java,com.github.catvod.xpath.XPathRule,getSearchVodIdR/1[java.lang.String],scVodIdR,1
C:\CatVodTVSpider-master\app\src\main\java\com\github\catvod\xpath\XPathRule.java,com.github.catvod.xpath.XPathRule,getCateManual/0,cateManual,1
C:\CatVodTVSpider-master\app\src\main\java\com\github\catvod\xpath\XPathRule.java,com.github.catvod.xpath.XPathRule,getDetailActorR/1[java.lang.String],dtActorR,1
C:\CatVodTVSpider-master\app\src\main\java\com\github\catvod\xpath\XPathRule.java,com.github.catvod.xpath.XPathRule,getDetailFromNameR/1[java.lang.String],dtFromNameR,1
C:\CatVodTVSpider-master\app\src\main\java\com\github\catvod\xpath\XPathRule.java,com.github.catvod.xpath.XPathRule,getDetailActor/0,dtActor,1
C:\CatVodTVSpider-master\app\src\main\java\com\github\catvod\xpath\XPathRule.java,com.github.catvod.xpath.XPathRule,getSearchUrl/0,searchUrl,1
C:\CatVodTVSpider-master\app\src\main\java\com\github\catvod\xpath\XPathRule.java,com.github.catvod.xpath.XPathRule,getDetailDescR/1[java.lang.String],dtDescR,1
C:\CatVodTVSpider-master\app\src\main\java\com\github\catvod\xpath\XPathRule.java,com.github.catvod.xpath.XPathRule,getDetailUrl/0,dtUrl,1
C:\CatVodTVSpider-master\app\src\main\java\com\github\catvod\xpath\XPathRule.java,com.github.catvod.xpath.XPathRule,getDetailArea/0,dtArea,1
C:\CatVodTVSpider-master\app\src\main\java\com\github\catvod\xpath\XPathRule.java,com.github.catvod.xpath.XPathRule,getCateVodIdR/1[java.lang.String],cateVodIdR,1
C:\CatVodTVSpider-master\app\src\main\java\com\github\catvod\xpath\XPathRule.java,com.github.catvod.xpath.XPathRule,getDetailImg/0,dtImg,1
C:\CatVodTVSpider-master\app\src\main\java\com\github\catvod\xpath\XPathRule.java,com.github.catvod.xpath.XPathRule,getCateVodNameR/1[java.lang.String],cateVodNameR,1
C:\CatVodTVSpider-master\app\src\main\java\com\github\catvod\xpath\XPathRule.java,com.github.catvod.xpath.XPathRule,getDetailUrlNode/0,dtUrlNode,1
C:\CatVodTVSpider-master\app\src\main\java\com\github\catvod\xpath\XPathRule.java,com.github.catvod.xpath.XPathRule,getDetailUrlSubNode/0,dtUrlSubNode,1
C:\CatVodTVSpider-master\app\src\main\java\com\github\catvod\xpath\XPathRule.java,com.github.catvod.xpath.XPathRule,getHomeVodIdR/1[java.lang.String],homeVodIdR,1
C:\CatVodTVSpider-master\app\src\main\java\com\github\catvod\xpath\XPathRule.java,com.github.catvod.xpath.XPathRule,getDetailCate/0,dtCate,1
C:\CatVodTVSpider-master\app\src\main\java\com\github\catvod\xpath\XPathRule.java,com.github.catvod.xpath.XPathRule,getSearchVodNameR/1[java.lang.String],scVodNameR,1
C:\CatVodTVSpider-master\app\src\main\java\com\github\catvod\xpath\XPathRule.java,com.github.catvod.xpath.XPathRule,getHomeVodMark/0,homeVodMark,1
C:\CatVodTVSpider-master\app\src\main\java\com\github\catvod\xpath\XPathRule.java,com.github.catvod.xpath.XPathRule,getDetailMarkR/1[java.lang.String],dtMarkR,1
C:\CatVodTVSpider-master\app\src\main\java\com\github\catvod\xpath\XPathRule.java,com.github.catvod.xpath.XPathRule,getCateVodMark/0,cateVodMark,1
C:\CatVodTVSpider-master\app\src\main\java\com\github\catvod\xpath\XPathRule.java,com.github.catvod.xpath.XPathRule,getCateVodId/0,cateVodId,1
C:\CatVodTVSpider-master\app\src\main\java\com\github\catvod\xpath\XPathRule.java,com.github.catvod.xpath.XPathRule,getHomeVodMarkR/1[java.lang.String],homeVodMarkR,1
C:\CatVodTVSpider-master\app\src\main\java\com\github\catvod\xpath\XPathRule.java,com.github.catvod.xpath.XPathRule,getCateVodName/0,cateVodName,1
C:\CatVodTVSpider-master\app\src\main\java\com\github\catvod\xpath\XPathRule.java,com.github.catvod.xpath.XPathRule,getDetailFromName/0,dtFromName,1
C:\CatVodTVSpider-master\app\src\main\java\com\github\catvod\xpath\XPathRule.java,com.github.catvod.xpath.XPathRule,getDetailNameR/1[java.lang.String],dtNameR,1
C:\CatVodTVSpider-master\app\src\main\java\com\github\catvod\xpath\XPathRule.java,com.github.catvod.xpath.XPathRule,getDetailDirector/0,dtDirector,1
C:\CatVodTVSpider-master\app\src\main\java\com\github\catvod\xpath\XPathRule.java,com.github.catvod.xpath.XPathRule,getHomeVodName/0,homeVodName,1
C:\CatVodTVSpider-master\app\src\main\java\com\github\catvod\xpath\XPathRule.java,com.github.catvod.xpath.XPathRule,getCateIdR/1[java.lang.String],cateIdR,1
C:\CatVodTVSpider-master\app\src\main\java\com\github\catvod\xpath\XPathRule.java,com.github.catvod.xpath.XPathRule,getSearchVodNode/0,scVodNode,1
C:\CatVodTVSpider-master\app\src\main\java\com\github\catvod\xpath\XPathRule.java,com.github.catvod.xpath.XPathRule,getSearchVodId/0,scVodId,1
C:\CatVodTVSpider-master\app\src\main\java\com\github\catvod\xpath\XPathRule.java,com.github.catvod.xpath.XPathRule,getDetailDirectorR/1[java.lang.String],dtDirectorR,1
C:\CatVodTVSpider-master\app\src\main\java\com\github\catvod\xpath\XPathRule.java,com.github.catvod.xpath.XPathRule,getCateVodNode/0,cateVodNode,1
C:\CatVodTVSpider-master\app\src\main\java\com\github\catvod\xpath\XPathRule.java,com.github.catvod.xpath.XPathRule,getDetailUrlIdR/1[java.lang.String],dtUrlIdR,1
C:\CatVodTVSpider-master\app\src\main\java\com\github\catvod\xpath\XPathRule.java,com.github.catvod.xpath.XPathRule,getHomeVodImg/0,homeVodImg,1
C:\CatVodTVSpider-master\app\src\main\java\com\github\catvod\xpath\XPathRule.java,com.github.catvod.xpath.XPathRule,getCateUrl/0,cateUrl,1
C:\CatVodTVSpider-master\app\src\main\java\com\github\catvod\xpath\XPathRule.java,com.github.catvod.xpath.XPathRule,getCateVodImgR/1[java.lang.String],cateVodImgR,1
C:\CatVodTVSpider-master\app\src\main\java\com\github\catvod\xpath\XPathRule.java,com.github.catvod.xpath.XPathRule,getDetailUrlName/0,dtUrlName,1
C:\CatVodTVSpider-master\app\src\main\java\com\github\catvod\xpath\XPathRule.java,com.github.catvod.xpath.XPathRule,getSearchVodMark/0,scVodMark,1
C:\CatVodTVSpider-master\app\src\main\java\com\github\catvod\xpath\XPathRule.java,com.github.catvod.xpath.XPathRule,getDetailImgR/1[java.lang.String],dtImgR,1
C:\CatVodTVSpider-master\app\src\main\java\com\github\catvod\xpath\XPathRule.java,com.github.catvod.xpath.XPathRule,getUa/0,ua,1
C:\CatVodTVSpider-master\app\src\main\java\com\github\catvod\xpath\XPathRule.java,com.github.catvod.xpath.XPathRule,getSearchVodImg/0,scVodImg,1
C:\CatVodTVSpider-master\app\src\main\java\com\github\catvod\xpath\XPathRule.java,com.github.catvod.xpath.XPathRule,getDetailCateR/1[java.lang.String],dtCateR,1
C:\CatVodTVSpider-master\app\src\main\java\com\github\catvod\xpath\XPathRule.java,com.github.catvod.xpath.XPathRule,getHomeVodImgR/1[java.lang.String],homeVodImgR,1
C:\CatVodTVSpider-master\app\src\main\java\com\github\catvod\xpath\XPathRule.java,com.github.catvod.xpath.XPathRule,getCateId/0,cateId,1
C:\CatVodTVSpider-master\app\src\main\java\com\github\catvod\xpath\XPathRule.java,com.github.catvod.xpath.XPathRule,getDetailName/0,dtName,1
C:\CatVodTVSpider-master\app\src\main\java\com\github\catvod\xpath\XPathRule.java,com.github.catvod.xpath.XPathRule,getHomeVodId/0,homeVodId,1
C:\CatVodTVSpider-master\app\src\main\java\com\github\catvod\xpath\XPathRule.java,com.github.catvod.xpath.XPathRule,getCateVodMarkR/1[java.lang.String],cateVodNameR,1
C:\CatVodTVSpider-master\app\src\main\java\com\github\catvod\xpath\XPathRule.java,com.github.catvod.xpath.XPathRule,getCateNode/0,cateNode,1
C:\CatVodTVSpider-master\app\src\main\java\com\github\catvod\xpath\XPathRule.java,com.github.catvod.xpath.XPathRule,getHomeVodNameR/1[java.lang.String],homeVodNameR,1
C:\CatVodTVSpider-master\app\src\main\java\com\github\catvod\xpath\XPathRule.java,com.github.catvod.xpath.XPathRule,getFilter/0,filter,1
C:\CatVodTVSpider-master\app\src\main\java\com\github\catvod\xpath\XPathRule.java,com.github.catvod.xpath.XPathRule,getDetailNode/0,dtNode,1
C:\CatVodTVSpider-master\app\src\main\java\com\github\catvod\xpath\XPathRule.java,com.github.catvod.xpath.XPathRule,getDetailMark/0,dtMark,1
C:\CatVodTVSpider-master\app\src\main\java\com\github\catvod\xpath\XPathRule.java,com.github.catvod.xpath.XPathRule,getDetailDesc/0,dtDesc,1
C:\CatVodTVSpider-master\app\src\main\java\com\github\catvod\xpath\XPathRule.java,com.github.catvod.xpath.XPathRule,getDetailUrlId/0,dtUrlId,1
C:\CatVodTVSpider-master\app\src\main\java\com\github\catvod\xpath\XPathRule.java,com.github.catvod.xpath.XPathRule,getCateName/0,cateName,1
C:\CatVodTVSpider-master\app\src\main\java\com\github\catvod\xpath\XPathRule.java,com.github.catvod.xpath.XPathRule,getHomeUrl/0,homeUrl,1
C:\CatVodTVSpider-master\app\src\main\java\com\github\catvod\xpath\XPathRule.java,com.github.catvod.xpath.XPathRule,getCateVodImg/0,cateVodImg,1
C:\CatVodTVSpider-master\app\src\main\java\com\github\catvod\xpath\XPathRule.java,com.github.catvod.xpath.XPathRule,getSearchVodMarkR/1[java.lang.String],scVodMarkR,1
C:\CatVodTVSpider-master\app\src\main\java\com\github\catvod\utils\okhttp\OkHttpUtil.java,com.github.catvod.utils.okhttp.OkHttpUtil,cancel/1[java.lang.Object],defaultClient,1
C:\CatVodTVSpider-master\app\src\main\java\com\github\catvod\utils\okhttp\OkHttpUtil.java,com.github.catvod.utils.okhttp.OkHttpUtil,"string/2[java.lang.String,java.util.Map<java.lang.String,java.lang.String>]",defaultClient,1
C:\CatVodTVSpider-master\app\src\main\java\com\github\catvod\utils\okhttp\OkHttpUtil.java,com.github.catvod.utils.okhttp.OkHttpUtil,"string/3[java.lang.String,java.lang.String,java.util.Map<java.lang.String,java.lang.String>]",defaultClient,1
C:\CatVodTVSpider-master\app\src\main\java\com\github\catvod\utils\okhttp\OkHttpUtil.java,com.github.catvod.utils.okhttp.OkHttpUtil,"get/5[com.github.catvod.utils.okhttp.OkHttpClient,java.lang.String,java.util.Map<java.lang.String,java.lang.String>,java.util.Map<java.lang.String,java.lang.String>,com.github.catvod.utils.okhttp.OKCallBack]",METHOD_GET,1
C:\CatVodTVSpider-master\app\src\main\java\com\github\catvod\utils\okhttp\OkHttpUtil.java,com.github.catvod.utils.okhttp.OkHttpUtil,"post/6[com.github.catvod.utils.okhttp.OkHttpClient,java.lang.String,java.lang.String,java.util.Map<java.lang.String,java.lang.String>,java.util.Map<java.lang.String,java.lang.String>,com.github.catvod.utils.okhttp.OKCallBack]",METHOD_POST,1
C:\CatVodTVSpider-master\app\src\main\java\com\github\catvod\utils\okhttp\OkHttpUtil.java,com.github.catvod.utils.okhttp.OkHttpUtil,"post/5[com.github.catvod.utils.okhttp.OkHttpClient,java.lang.String,java.util.Map<java.lang.String,java.lang.String>,java.util.Map<java.lang.String,java.lang.String>,com.github.catvod.utils.okhttp.OKCallBack]",METHOD_POST,1
C:\CatVodTVSpider-master\app\src\main\java\com\github\catvod\utils\okhttp\OkHttpUtil.java,com.github.catvod.utils.okhttp.OkHttpUtil,defaultClient/0,lockO,1
C:\CatVodTVSpider-master\app\src\main\java\com\github\catvod\utils\okhttp\OkHttpUtil.java,com.github.catvod.utils.okhttp.OkHttpUtil,defaultClient/0,defaultClient,4
C:\CatVodTVSpider-master\app\src\main\java\com\github\catvod\utils\okhttp\OkHttpUtil.java,com.github.catvod.utils.okhttp.OkHttpUtil,defaultClient/0,DEFAULT_TIMEOUT,3
C:\CatVodTVSpider-master\app\src\main\java\com\github\catvod\utils\okhttp\OkHttpUtil.java,com.github.catvod.utils.okhttp.OkHttpUtil,"stringNoRedirect/3[java.lang.String,java.util.Map<java.lang.String,java.lang.String>,java.util.Map<java.lang.String,java.util.List<java.lang.String>>]",noRedirectClient,1
C:\CatVodTVSpider-master\app\src\main\java\com\github\catvod\utils\okhttp\OkHttpUtil.java,com.github.catvod.utils.okhttp.OkHttpUtil,cancelAll/0,defaultClient,1
C:\CatVodTVSpider-master\app\src\main\java\com\github\catvod\utils\okhttp\OkHttpUtil.java,com.github.catvod.utils.okhttp.OkHttpUtil,"postJson/5[com.github.catvod.utils.okhttp.OkHttpClient,java.lang.String,java.lang.String,java.util.Map<java.lang.String,java.lang.String>,com.github.catvod.utils.okhttp.OKCallBack]",METHOD_POST,1
C:\CatVodTVSpider-master\app\src\main\java\com\github\catvod\utils\okhttp\OkHttpUtil.java,com.github.catvod.utils.okhttp.OkHttpUtil,noRedirectClient/0,lockO,1
C:\CatVodTVSpider-master\app\src\main\java\com\github\catvod\utils\okhttp\OkHttpUtil.java,com.github.catvod.utils.okhttp.OkHttpUtil,noRedirectClient/0,noRedirectClient,4
C:\CatVodTVSpider-master\app\src\main\java\com\github\catvod\utils\okhttp\OkHttpUtil.java,com.github.catvod.utils.okhttp.OkHttpUtil,noRedirectClient/0,DEFAULT_TIMEOUT,3
C:\CatVodTVSpider-master\app\src\main\java\com\github\catvod\utils\okhttp\OkHttpUtil.java,com.github.catvod.utils.okhttp.OkHttpUtil,"string/6[com.github.catvod.utils.okhttp.OkHttpClient,java.lang.String,java.lang.String,java.util.Map<java.lang.String,java.lang.String>,java.util.Map<java.lang.String,java.lang.String>,java.util.Map<java.lang.String,java.util.List<java.lang.String>>]",METHOD_GET,1
C:\CatVodTVSpider-master\app\src\main\java\com\github\catvod\utils\okhttp\OkHttpUtil.java,com.github.catvod.utils.okhttp.OkHttpUtil,"string/3[java.lang.String,java.util.Map<java.lang.String,java.lang.String>,java.util.Map<java.lang.String,java.util.List<java.lang.String>>]",defaultClient,1
C:\CatVodTVSpider-master\app\src\main\java\com\github\catvod\spider\XPathBde4.java,com.github.catvod.spider.XPathBde4,"playerContent/3[java.lang.String,java.lang.String,java.util.List<java.lang.String>]",tk,1
C:\CatVodTVSpider-master\app\src\main\java\com\github\catvod\spider\XPathBde4.java,com.github.catvod.spider.XPathBde4,loadRuleExt/1[java.lang.String],tk,1
C:\CatVodTVSpider-master\app\src\main\java\com\github\catvod\spider\Nekk.java,com.github.catvod.spider.Nekk,"categoryContent/4[java.lang.String,java.lang.String,boolean,java.util.HashMap<java.lang.String,java.lang.String>]",siteUrl,1
C:\CatVodTVSpider-master\app\src\main\java\com\github\catvod\spider\Nekk.java,com.github.catvod.spider.Nekk,"categoryContent/4[java.lang.String,java.lang.String,boolean,java.util.HashMap<java.lang.String,java.lang.String>]",regexPage,2
C:\CatVodTVSpider-master\app\src\main\java\com\github\catvod\spider\Nekk.java,com.github.catvod.spider.Nekk,"categoryContent/4[java.lang.String,java.lang.String,boolean,java.util.HashMap<java.lang.String,java.lang.String>]",regexVid,1
C:\CatVodTVSpider-master\app\src\main\java\com\github\catvod\spider\Nekk.java,com.github.catvod.spider.Nekk,detailContent/1[java.util.List<java.lang.String>],playerConfig,2
C:\CatVodTVSpider-master\app\src\main\java\com\github\catvod\spider\Nekk.java,com.github.catvod.spider.Nekk,detailContent/1[java.util.List<java.lang.String>],siteUrl,1
C:\CatVodTVSpider-master\app\src\main\java\com\github\catvod\spider\Nekk.java,com.github.catvod.spider.Nekk,detailContent/1[java.util.List<java.lang.String>],regexPlay,1
C:\CatVodTVSpider-master\app\src\main\java\com\github\catvod\spider\Nekk.java,com.github.catvod.spider.Nekk,"searchContent/2[java.lang.String,boolean]",siteUrl,1
C:\CatVodTVSpider-master\app\src\main\java\com\github\catvod\spider\Nekk.java,com.github.catvod.spider.Nekk,"playerContent/3[java.lang.String,java.lang.String,java.util.List<java.lang.String>]",playerConfig,2
C:\CatVodTVSpider-master\app\src\main\java\com\github\catvod\spider\Nekk.java,com.github.catvod.spider.Nekk,"playerContent/3[java.lang.String,java.lang.String,java.util.List<java.lang.String>]",siteUrl,1
C:\CatVodTVSpider-master\app\src\main\java\com\github\catvod\spider\Nekk.java,com.github.catvod.spider.Nekk,init/1[com.github.catvod.spider.Context],playerConfig,1
C:\CatVodTVSpider-master\app\src\main\java\com\github\catvod\spider\Nekk.java,com.github.catvod.spider.Nekk,init/1[com.github.catvod.spider.Context],filterConfig,1
C:\CatVodTVSpider-master\app\src\main\java\com\github\catvod\spider\Nekk.java,com.github.catvod.spider.Nekk,homeContent/1[boolean],siteUrl,1
C:\CatVodTVSpider-master\app\src\main\java\com\github\catvod\spider\Nekk.java,com.github.catvod.spider.Nekk,homeContent/1[boolean],regexCategory,1
C:\CatVodTVSpider-master\app\src\main\java\com\github\catvod\spider\Nekk.java,com.github.catvod.spider.Nekk,homeContent/1[boolean],filterConfig,1
C:\CatVodTVSpider-master\app\src\main\java\com\github\catvod\spider\Nekk.java,com.github.catvod.spider.Nekk,homeContent/1[boolean],regexVid,1
C:\CatVodTVSpider-master\app\src\main\java\com\github\catvod\spider\Nekk.java,com.github.catvod.spider.Nekk,getHeaders/1[java.lang.String],siteHost,1
C:\CatVodTVSpider-master\app\src\main\java\com\github\catvod\spider\Nekk.java,com.github.catvod.spider.Nekk,loadPic/1[java.lang.String],siteUrl,1
C:\CatVodTVSpider-master\app\src\main\java\com\github\catvod\spider\Nekk.java,com.github.catvod.spider.Nekk,loadPic/1[java.lang.String],nekkPicHeader,5
C:\CatVodTVSpider-master\app\src\main\java\com\github\catvod\spider\YydsAli1.java,com.github.catvod.spider.YydsAli1,homeVideoContent/0,siteUrl,1
C:\CatVodTVSpider-master\app\src\main\java\com\github\catvod\spider\YydsAli1.java,com.github.catvod.spider.YydsAli1,detailContent/1[java.util.List<java.lang.String>],siteUrl,1
C:\CatVodTVSpider-master\app\src\main\java\com\github\catvod\spider\YydsAli1.java,com.github.catvod.spider.YydsAli1,"playerContent/3[java.lang.String,java.lang.String,java.util.List<java.lang.String>]",accessTk,2
C:\CatVodTVSpider-master\app\src\main\java\com\github\catvod\spider\YydsAli1.java,com.github.catvod.spider.YydsAli1,homeContent/1[boolean],siteUrl,1
C:\CatVodTVSpider-master\app\src\main\java\com\github\catvod\spider\YydsAli1.java,com.github.catvod.spider.YydsAli1,"categoryContent/4[java.lang.String,java.lang.String,boolean,java.util.HashMap<java.lang.String,java.lang.String>]",siteUrl,1
C:\CatVodTVSpider-master\app\src\main\java\com\github\catvod\spider\YydsAli1.java,com.github.catvod.spider.YydsAli1,refreshTk/0,accessTk,1
C:\CatVodTVSpider-master\app\src\main\java\com\github\catvod\spider\YydsAli1.java,com.github.catvod.spider.YydsAli1,refreshTk/0,aliTk,2
C:\CatVodTVSpider-master\app\src\main\java\com\github\catvod\spider\YydsAli1.java,com.github.catvod.spider.YydsAli1,"updatePlaylist/2[java.lang.String,java.util.Map<java.lang.String,java.lang.String>]",aliyunShort,1
C:\CatVodTVSpider-master\app\src\main\java\com\github\catvod\spider\YydsAli1.java,com.github.catvod.spider.YydsAli1,"updatePlaylist/2[java.lang.String,java.util.Map<java.lang.String,java.lang.String>]",aliyun,2
C:\CatVodTVSpider-master\app\src\main\java\com\github\catvod\spider\YydsAli1.java,com.github.catvod.spider.YydsAli1,fetchAliTk/0,aliTk,2
C:\CatVodTVSpider-master\app\src\main\java\com\github\catvod\spider\YydsAli1.java,com.github.catvod.spider.YydsAli1,"searchContent/2[java.lang.String,boolean]",siteUrl,1
C:\CatVodTVSpider-master\app\src\main\java\com\github\catvod\spider\Buka.java,com.github.catvod.spider.Buka,getHeaders/1[java.lang.String],siteHost,1
C:\CatVodTVSpider-master\app\src\main\java\com\github\catvod\spider\Buka.java,com.github.catvod.spider.Buka,getHeaders/1[java.lang.String],ua,1
C:\CatVodTVSpider-master\app\src\main\java\com\github\catvod\spider\Buka.java,com.github.catvod.spider.Buka,"categoryContent/4[java.lang.String,java.lang.String,boolean,java.util.HashMap<java.lang.String,java.lang.String>]",siteUrl,1
C:\CatVodTVSpider-master\app\src\main\java\com\github\catvod\spider\Buka.java,com.github.catvod.spider.Buka,"categoryContent/4[java.lang.String,java.lang.String,boolean,java.util.HashMap<java.lang.String,java.lang.String>]",regexPage,2
C:\CatVodTVSpider-master\app\src\main\java\com\github\catvod\spider\Buka.java,com.github.catvod.spider.Buka,"categoryContent/4[java.lang.String,java.lang.String,boolean,java.util.HashMap<java.lang.String,java.lang.String>]",regexVid,1
C:\CatVodTVSpider-master\app\src\main\java\com\github\catvod\spider\Buka.java,com.github.catvod.spider.Buka,homeContent/1[boolean],siteUrl,2
C:\CatVodTVSpider-master\app\src\main\java\com\github\catvod\spider\Buka.java,com.github.catvod.spider.Buka,homeContent/1[boolean],regexCategory,1
C:\CatVodTVSpider-master\app\src\main\java\com\github\catvod\spider\Buka.java,com.github.catvod.spider.Buka,homeContent/1[boolean],filterConfig,1
C:\CatVodTVSpider-master\app\src\main\java\com\github\catvod\spider\Buka.java,com.github.catvod.spider.Buka,homeContent/1[boolean],regexVid,1
C:\CatVodTVSpider-master\app\src\main\java\com\github\catvod\spider\Buka.java,com.github.catvod.spider.Buka,"playerContent/3[java.lang.String,java.lang.String,java.util.List<java.lang.String>]",playerConfig,2
C:\CatVodTVSpider-master\app\src\main\java\com\github\catvod\spider\Buka.java,com.github.catvod.spider.Buka,"playerContent/3[java.lang.String,java.lang.String,java.util.List<java.lang.String>]",siteUrl,1
C:\CatVodTVSpider-master\app\src\main\java\com\github\catvod\spider\Buka.java,com.github.catvod.spider.Buka,init/1[com.github.catvod.spider.Context],playerConfig,1
C:\CatVodTVSpider-master\app\src\main\java\com\github\catvod\spider\Buka.java,com.github.catvod.spider.Buka,init/1[com.github.catvod.spider.Context],filterConfig,1
C:\CatVodTVSpider-master\app\src\main\java\com\github\catvod\spider\Buka.java,com.github.catvod.spider.Buka,detailContent/1[java.util.List<java.lang.String>],playerConfig,2
C:\CatVodTVSpider-master\app\src\main\java\com\github\catvod\spider\Buka.java,com.github.catvod.spider.Buka,detailContent/1[java.util.List<java.lang.String>],siteUrl,1
C:\CatVodTVSpider-master\app\src\main\java\com\github\catvod\spider\Buka.java,com.github.catvod.spider.Buka,detailContent/1[java.util.List<java.lang.String>],regexPlay,1
C:\CatVodTVSpider-master\app\src\main\java\com\github\catvod\spider\Nfx.java,com.github.catvod.spider.Nfx,init/1[com.github.catvod.spider.Context],playerConfig,1
C:\CatVodTVSpider-master\app\src\main\java\com\github\catvod\spider\Nfx.java,com.github.catvod.spider.Nfx,"playerContent/3[java.lang.String,java.lang.String,java.util.List<java.lang.String>]",playerConfig,2
C:\CatVodTVSpider-master\app\src\main\java\com\github\catvod\spider\Nfx.java,com.github.catvod.spider.Nfx,"playerContent/3[java.lang.String,java.lang.String,java.util.List<java.lang.String>]",siteUrl,1
C:\CatVodTVSpider-master\app\src\main\java\com\github\catvod\spider\Nfx.java,com.github.catvod.spider.Nfx,homeContent/1[boolean],siteUrl,1
C:\CatVodTVSpider-master\app\src\main\java\com\github\catvod\spider\Nfx.java,com.github.catvod.spider.Nfx,homeContent/1[boolean],regexCategory,1
C:\CatVodTVSpider-master\app\src\main\java\com\github\catvod\spider\Nfx.java,com.github.catvod.spider.Nfx,homeContent/1[boolean],regexVid,1
C:\CatVodTVSpider-master\app\src\main\java\com\github\catvod\spider\Nfx.java,com.github.catvod.spider.Nfx,"categoryContent/4[java.lang.String,java.lang.String,boolean,java.util.HashMap<java.lang.String,java.lang.String>]",siteUrl,1
C:\CatVodTVSpider-master\app\src\main\java\com\github\catvod\spider\Nfx.java,com.github.catvod.spider.Nfx,"categoryContent/4[java.lang.String,java.lang.String,boolean,java.util.HashMap<java.lang.String,java.lang.String>]",regexPage,2
C:\CatVodTVSpider-master\app\src\main\java\com\github\catvod\spider\Nfx.java,com.github.catvod.spider.Nfx,"categoryContent/4[java.lang.String,java.lang.String,boolean,java.util.HashMap<java.lang.String,java.lang.String>]",regexVid,1
C:\CatVodTVSpider-master\app\src\main\java\com\github\catvod\spider\Nfx.java,com.github.catvod.spider.Nfx,getHeaders/1[java.lang.String],siteHost,1
C:\CatVodTVSpider-master\app\src\main\java\com\github\catvod\spider\Nfx.java,com.github.catvod.spider.Nfx,"searchContent/2[java.lang.String,boolean]",siteUrl,1
C:\CatVodTVSpider-master\app\src\main\java\com\github\catvod\spider\Nfx.java,com.github.catvod.spider.Nfx,detailContent/1[java.util.List<java.lang.String>],playerConfig,2
C:\CatVodTVSpider-master\app\src\main\java\com\github\catvod\spider\Nfx.java,com.github.catvod.spider.Nfx,detailContent/1[java.util.List<java.lang.String>],siteUrl,1
C:\CatVodTVSpider-master\app\src\main\java\com\github\catvod\spider\Nfx.java,com.github.catvod.spider.Nfx,detailContent/1[java.util.List<java.lang.String>],regexPlay,1
C:\CatVodTVSpider-master\app\src\main\java\com\github\catvod\spider\XPathMac.java,com.github.catvod.spider.XPathMac,"playerContent/3[java.lang.String,java.lang.String,java.util.List<java.lang.String>]",decodePlayUrl,1
C:\CatVodTVSpider-master\app\src\main\java\com\github\catvod\spider\XPathMac.java,com.github.catvod.spider.XPathMac,"playerContent/3[java.lang.String,java.lang.String,java.util.List<java.lang.String>]",decodeVipFlag,2
C:\CatVodTVSpider-master\app\src\main\java\com\github\catvod\spider\XPathMac.java,com.github.catvod.spider.XPathMac,detailContent/1[java.util.List<java.lang.String>],decodeVipFlag,1
C:\CatVodTVSpider-master\app\src\main\java\com\github\catvod\spider\XPathMac.java,com.github.catvod.spider.XPathMac,detailContent/1[java.util.List<java.lang.String>],show2VipFlag,2
C:\CatVodTVSpider-master\app\src\main\java\com\github\catvod\spider\XPathMac.java,com.github.catvod.spider.XPathMac,homeContent/1[boolean],playerConfigJsRegex,1
C:\CatVodTVSpider-master\app\src\main\java\com\github\catvod\spider\XPathMac.java,com.github.catvod.spider.XPathMac,homeContent/1[boolean],playerConfigJs,2
C:\CatVodTVSpider-master\app\src\main\java\com\github\catvod\spider\XPathMac.java,com.github.catvod.spider.XPathMac,homeContent/1[boolean],show2VipFlag,1
C:\CatVodTVSpider-master\app\src\main\java\com\github\catvod\spider\XPathMac.java,com.github.catvod.spider.XPathMac,loadRuleExt/1[java.lang.String],decodePlayUrl,1
C:\CatVodTVSpider-master\app\src\main\java\com\github\catvod\spider\XPathMac.java,com.github.catvod.spider.XPathMac,loadRuleExt/1[java.lang.String],playerConfigJsRegex,2
C:\CatVodTVSpider-master\app\src\main\java\com\github\catvod\spider\XPathMac.java,com.github.catvod.spider.XPathMac,loadRuleExt/1[java.lang.String],decodeVipFlag,1
C:\CatVodTVSpider-master\app\src\main\java\com\github\catvod\spider\XPathMac.java,com.github.catvod.spider.XPathMac,loadRuleExt/1[java.lang.String],show2VipFlag,1
C:\CatVodTVSpider-master\app\src\main\java\com\github\catvod\spider\XPathMac.java,com.github.catvod.spider.XPathMac,loadRuleExt/1[java.lang.String],playerConfigJs,1
C:\CatVodTVSpider-master\app\src\main\java\com\github\catvod\utils\okhttp\OKRequest.java,com.github.catvod.utils.okhttp.OKRequest,getRequestBody/0,mParamsMap,3
C:\CatVodTVSpider-master\app\src\main\java\com\github\catvod\utils\okhttp\OKRequest.java,com.github.catvod.utils.okhttp.OKRequest,getRequestBody/0,mJsonStr,2
C:\CatVodTVSpider-master\app\src\main\java\com\github\catvod\utils\okhttp\OKRequest.java,com.github.catvod.utils.okhttp.OKRequest,execute/1[com.github.catvod.utils.okhttp.OkHttpClient],mCallBack,4
C:\CatVodTVSpider-master\app\src\main\java\com\github\catvod\utils\okhttp\OKRequest.java,com.github.catvod.utils.okhttp.OKRequest,execute/1[com.github.catvod.utils.okhttp.OkHttpClient],mOkHttpRequest,1
C:\CatVodTVSpider-master\app\src\main\java\com\github\catvod\utils\okhttp\OKRequest.java,com.github.catvod.utils.okhttp.OKRequest,call/1[com.github.catvod.utils.okhttp.OkHttpClient],mOkHttpRequest,1
C:\CatVodTVSpider-master\app\src\main\java\com\github\catvod\utils\okhttp\OKRequest.java,com.github.catvod.utils.okhttp.OKRequest,setGetParams/0,mUrl,7
C:\CatVodTVSpider-master\app\src\main\java\com\github\catvod\utils\okhttp\OKRequest.java,com.github.catvod.utils.okhttp.OKRequest,setGetParams/0,mParamsMap,3
C:\CatVodTVSpider-master\app\src\main\java\com\github\catvod\utils\okhttp\OKRequest.java,com.github.catvod.utils.okhttp.OKRequest,setHeader/0,mHeaderMap,3
C:\CatVodTVSpider-master\app\src\main\java\com\github\catvod\utils\okhttp\OKRequest.java,com.github.catvod.utils.okhttp.OKRequest,setHeader/0,mRequestBuilder,1
C:\CatVodTVSpider-master\app\src\main\java\com\github\catvod\utils\okhttp\OKRequest.java,com.github.catvod.utils.okhttp.OKRequest,getInstance/0,mUrl,1
C:\CatVodTVSpider-master\app\src\main\java\com\github\catvod\utils\okhttp\OKRequest.java,com.github.catvod.utils.okhttp.OKRequest,getInstance/0,mMethodType,1
C:\CatVodTVSpider-master\app\src\main\java\com\github\catvod\utils\okhttp\OKRequest.java,com.github.catvod.utils.okhttp.OKRequest,getInstance/0,mHeaderMap,1
C:\CatVodTVSpider-master\app\src\main\java\com\github\catvod\utils\okhttp\OKRequest.java,com.github.catvod.utils.okhttp.OKRequest,getInstance/0,mOkHttpRequest,1
C:\CatVodTVSpider-master\app\src\main\java\com\github\catvod\utils\okhttp\OKRequest.java,com.github.catvod.utils.okhttp.OKRequest,getInstance/0,mRequestBuilder,5
C:\CatVodTVSpider-master\app\src\main\java\com\github\catvod\utils\okhttp\OKRequest.java,com.github.catvod.utils.okhttp.OKRequest,getInstance/0,mTag,2
C:\CatVodTVSpider-master\app\src\main\java\com\github\catvod\utils\okhttp\OKRequest.java,com.github.catvod.utils.okhttp.OKRequest,"OKRequest/6[java.lang.String,java.lang.String,java.lang.String,java.util.Map<java.lang.String,java.lang.String>,java.util.Map<java.lang.String,java.lang.String>,com.github.catvod.utils.okhttp.OKCallBack]",mUrl,1
C:\CatVodTVSpider-master\app\src\main\java\com\github\catvod\utils\okhttp\OKRequest.java,com.github.catvod.utils.okhttp.OKRequest,"OKRequest/6[java.lang.String,java.lang.String,java.lang.String,java.util.Map<java.lang.String,java.lang.String>,java.util.Map<java.lang.String,java.lang.String>,com.github.catvod.utils.okhttp.OKCallBack]",mMethodType,1
C:\CatVodTVSpider-master\app\src\main\java\com\github\catvod\utils\okhttp\OKRequest.java,com.github.catvod.utils.okhttp.OKRequest,"OKRequest/6[java.lang.String,java.lang.String,java.lang.String,java.util.Map<java.lang.String,java.lang.String>,java.util.Map<java.lang.String,java.lang.String>,com.github.catvod.utils.okhttp.OKCallBack]",mParamsMap,1
C:\CatVodTVSpider-master\app\src\main\java\com\github\catvod\utils\okhttp\OKRequest.java,com.github.catvod.utils.okhttp.OKRequest,"OKRequest/6[java.lang.String,java.lang.String,java.lang.String,java.util.Map<java.lang.String,java.lang.String>,java.util.Map<java.lang.String,java.lang.String>,com.github.catvod.utils.okhttp.OKCallBack]",mHeaderMap,1
C:\CatVodTVSpider-master\app\src\main\java\com\github\catvod\utils\okhttp\OKRequest.java,com.github.catvod.utils.okhttp.OKRequest,"OKRequest/6[java.lang.String,java.lang.String,java.lang.String,java.util.Map<java.lang.String,java.lang.String>,java.util.Map<java.lang.String,java.lang.String>,com.github.catvod.utils.okhttp.OKCallBack]",mJsonStr,1
C:\CatVodTVSpider-master\app\src\main\java\com\github\catvod\utils\okhttp\OKRequest.java,com.github.catvod.utils.okhttp.OKRequest,"OKRequest/6[java.lang.String,java.lang.String,java.lang.String,java.util.Map<java.lang.String,java.lang.String>,java.util.Map<java.lang.String,java.lang.String>,com.github.catvod.utils.okhttp.OKCallBack]",mCallBack,1
C:\CatVodTVSpider-master\app\src\main\java\com\github\catvod\utils\okhttp\OKRequest.java,com.github.catvod.utils.okhttp.OKRequest,setTag/1[java.lang.Object],mTag,1
C:\CatVodTVSpider-master\app\src\main\java\com\github\catvod\utils\SSLSocketFactoryCompat.java,com.github.catvod.utils.SSLSocketFactoryCompat,upgradeTLS/1[javax.net.ssl.SSLSocket],cipherSuites,2
C:\CatVodTVSpider-master\app\src\main\java\com\github\catvod\utils\SSLSocketFactoryCompat.java,com.github.catvod.utils.SSLSocketFactoryCompat,upgradeTLS/1[javax.net.ssl.SSLSocket],protocols,2
C:\CatVodTVSpider-master\app\src\main\java\com\github\catvod\utils\SSLSocketFactoryCompat.java,com.github.catvod.utils.SSLSocketFactoryCompat,getSupportedCipherSuites/0,cipherSuites,1
C:\CatVodTVSpider-master\app\src\main\java\com\github\catvod\utils\SSLSocketFactoryCompat.java,com.github.catvod.utils.SSLSocketFactoryCompat,SSLSocketFactoryCompat/1[javax.net.ssl.X509TrustManager],defaultFactory,1
C:\CatVodTVSpider-master\app\src\main\java\com\github\catvod\utils\SSLSocketFactoryCompat.java,com.github.catvod.utils.SSLSocketFactoryCompat,"createSocket/4[java.net.Socket,java.lang.String,int,boolean]",defaultFactory,1
C:\CatVodTVSpider-master\app\src\main\java\com\github\catvod\utils\SSLSocketFactoryCompat.java,com.github.catvod.utils.SSLSocketFactoryCompat,"createSocket/2[java.lang.String,int]",defaultFactory,1
C:\CatVodTVSpider-master\app\src\main\java\com\github\catvod\utils\SSLSocketFactoryCompat.java,com.github.catvod.utils.SSLSocketFactoryCompat,"createSocket/4[java.lang.String,int,java.net.InetAddress,int]",defaultFactory,1
C:\CatVodTVSpider-master\app\src\main\java\com\github\catvod\utils\SSLSocketFactoryCompat.java,com.github.catvod.utils.SSLSocketFactoryCompat,getDefaultCipherSuites/0,cipherSuites,1
C:\CatVodTVSpider-master\app\src\main\java\com\github\catvod\utils\SSLSocketFactoryCompat.java,com.github.catvod.utils.SSLSocketFactoryCompat,"createSocket/2[java.net.InetAddress,int]",defaultFactory,1
C:\CatVodTVSpider-master\app\src\main\java\com\github\catvod\utils\SSLSocketFactoryCompat.java,com.github.catvod.utils.SSLSocketFactoryCompat,"createSocket/4[java.net.InetAddress,int,java.net.InetAddress,int]",defaultFactory,1
C:\CatVodTVSpider-master\app\src\main\java\com\github\catvod\utils\okhttp\OKCallBack.java,com.github.catvod.utils.okhttp.OKCallBack,getResult/0,result,1
C:\CatVodTVSpider-master\app\src\main\java\com\github\catvod\utils\okhttp\OKCallBack.java,com.github.catvod.utils.okhttp.OKCallBack,setResult/1[T],result,1
C:\CatVodTVSpider-master\app\src\main\java\com\github\catvod\spider\Auete.java,com.github.catvod.spider.Auete,homeContent/1[boolean],siteUrl,2
C:\CatVodTVSpider-master\app\src\main\java\com\github\catvod\spider\Auete.java,com.github.catvod.spider.Auete,homeContent/1[boolean],regexCategory,1
C:\CatVodTVSpider-master\app\src\main\java\com\github\catvod\spider\Auete.java,com.github.catvod.spider.Auete,homeContent/1[boolean],filterConfig,1
C:\CatVodTVSpider-master\app\src\main\java\com\github\catvod\spider\Auete.java,com.github.catvod.spider.Auete,homeContent/1[boolean],regexVid,1
C:\CatVodTVSpider-master\app\src\main\java\com\github\catvod\spider\Auete.java,com.github.catvod.spider.Auete,detailContent/1[java.util.List<java.lang.String>],playerConfig,2
C:\CatVodTVSpider-master\app\src\main\java\com\github\catvod\spider\Auete.java,com.github.catvod.spider.Auete,detailContent/1[java.util.List<java.lang.String>],siteUrl,1
C:\CatVodTVSpider-master\app\src\main\java\com\github\catvod\spider\Auete.java,com.github.catvod.spider.Auete,detailContent/1[java.util.List<java.lang.String>],regexPlay,1
C:\CatVodTVSpider-master\app\src\main\java\com\github\catvod\spider\Auete.java,com.github.catvod.spider.Auete,"categoryContent/4[java.lang.String,java.lang.String,boolean,java.util.HashMap<java.lang.String,java.lang.String>]",siteUrl,3
C:\CatVodTVSpider-master\app\src\main\java\com\github\catvod\spider\Auete.java,com.github.catvod.spider.Auete,"categoryContent/4[java.lang.String,java.lang.String,boolean,java.util.HashMap<java.lang.String,java.lang.String>]",regexPage,2
C:\CatVodTVSpider-master\app\src\main\java\com\github\catvod\spider\Auete.java,com.github.catvod.spider.Auete,"categoryContent/4[java.lang.String,java.lang.String,boolean,java.util.HashMap<java.lang.String,java.lang.String>]",regexVid,1
C:\CatVodTVSpider-master\app\src\main\java\com\github\catvod\spider\Auete.java,com.github.catvod.spider.Auete,init/1[com.github.catvod.spider.Context],playerConfig,1
C:\CatVodTVSpider-master\app\src\main\java\com\github\catvod\spider\Auete.java,com.github.catvod.spider.Auete,init/1[com.github.catvod.spider.Context],filterConfig,1
C:\CatVodTVSpider-master\app\src\main\java\com\github\catvod\spider\Auete.java,com.github.catvod.spider.Auete,"playerContent/3[java.lang.String,java.lang.String,java.util.List<java.lang.String>]",playerConfig,2
C:\CatVodTVSpider-master\app\src\main\java\com\github\catvod\spider\Auete.java,com.github.catvod.spider.Auete,"playerContent/3[java.lang.String,java.lang.String,java.util.List<java.lang.String>]",siteUrl,2
C:\CatVodTVSpider-master\app\src\main\java\com\github\catvod\spider\Auete.java,com.github.catvod.spider.Auete,"searchContent/2[java.lang.String,boolean]",siteUrl,2
C:\CatVodTVSpider-master\app\src\main\java\com\github\catvod\spider\Auete.java,com.github.catvod.spider.Auete,"searchContent/2[java.lang.String,boolean]",regexVid,1
C:\CatVodTVSpider-master\app\src\main\java\com\github\catvod\spider\Auete.java,com.github.catvod.spider.Auete,getHeaders/1[java.lang.String],siteHost,1
C:\CatVodTVSpider-master\app\src\main\java\com\github\catvod\crawler\SpiderUrl.java,com.github.catvod.crawler.SpiderUrl,"SpiderUrl/2[java.lang.String,java.util.HashMap<java.lang.String,java.lang.String>]",headers,4
C:\CatVodTVSpider-master\app\src\main\java\com\github\catvod\crawler\SpiderUrl.java,com.github.catvod.crawler.SpiderUrl,"SpiderUrl/2[java.lang.String,java.util.HashMap<java.lang.String,java.lang.String>]",url,3
C:\CatVodTVSpider-master\app\src\main\java\com\github\catvod\utils\okhttp\SSLSocketFactoryCompat.java,com.github.catvod.utils.okhttp.SSLSocketFactoryCompat,upgradeTLS/1[javax.net.ssl.SSLSocket],cipherSuites,2
C:\CatVodTVSpider-master\app\src\main\java\com\github\catvod\utils\okhttp\SSLSocketFactoryCompat.java,com.github.catvod.utils.okhttp.SSLSocketFactoryCompat,upgradeTLS/1[javax.net.ssl.SSLSocket],protocols,2
C:\CatVodTVSpider-master\app\src\main\java\com\github\catvod\utils\okhttp\SSLSocketFactoryCompat.java,com.github.catvod.utils.okhttp.SSLSocketFactoryCompat,getSupportedCipherSuites/0,cipherSuites,1
C:\CatVodTVSpider-master\app\src\main\java\com\github\catvod\utils\okhttp\SSLSocketFactoryCompat.java,com.github.catvod.utils.okhttp.SSLSocketFactoryCompat,SSLSocketFactoryCompat/1[javax.net.ssl.X509TrustManager],defaultFactory,1
C:\CatVodTVSpider-master\app\src\main\java\com\github\catvod\utils\okhttp\SSLSocketFactoryCompat.java,com.github.catvod.utils.okhttp.SSLSocketFactoryCompat,"createSocket/4[java.net.Socket,java.lang.String,int,boolean]",defaultFactory,1
C:\CatVodTVSpider-master\app\src\main\java\com\github\catvod\utils\okhttp\SSLSocketFactoryCompat.java,com.github.catvod.utils.okhttp.SSLSocketFactoryCompat,"createSocket/2[java.lang.String,int]",defaultFactory,1
C:\CatVodTVSpider-master\app\src\main\java\com\github\catvod\utils\okhttp\SSLSocketFactoryCompat.java,com.github.catvod.utils.okhttp.SSLSocketFactoryCompat,"createSocket/4[java.lang.String,int,java.net.InetAddress,int]",defaultFactory,1
C:\CatVodTVSpider-master\app\src\main\java\com\github\catvod\utils\okhttp\SSLSocketFactoryCompat.java,com.github.catvod.utils.okhttp.SSLSocketFactoryCompat,getDefaultCipherSuites/0,cipherSuites,1
C:\CatVodTVSpider-master\app\src\main\java\com\github\catvod\utils\okhttp\SSLSocketFactoryCompat.java,com.github.catvod.utils.okhttp.SSLSocketFactoryCompat,"createSocket/2[java.net.InetAddress,int]",defaultFactory,1
C:\CatVodTVSpider-master\app\src\main\java\com\github\catvod\utils\okhttp\SSLSocketFactoryCompat.java,com.github.catvod.utils.okhttp.SSLSocketFactoryCompat,"createSocket/4[java.net.InetAddress,int,java.net.InetAddress,int]",defaultFactory,1
C:\CatVodTVSpider-master\app\src\main\java\com\github\catvod\spider\Enlienli.java,com.github.catvod.spider.Enlienli,homeVideoContent/0,siteUrl,1
C:\CatVodTVSpider-master\app\src\main\java\com\github\catvod\spider\Enlienli.java,com.github.catvod.spider.Enlienli,homeContent/1[boolean],siteUrl,2
C:\CatVodTVSpider-master\app\src\main\java\com\github\catvod\spider\Enlienli.java,com.github.catvod.spider.Enlienli,"categoryContent/4[java.lang.String,java.lang.String,boolean,java.util.HashMap<java.lang.String,java.lang.String>]",siteUrl,1
C:\CatVodTVSpider-master\app\src\main\java\com\github\catvod\spider\Enlienli.java,com.github.catvod.spider.Enlienli,detailContent/1[java.util.List<java.lang.String>],siteUrl,1
C:\CatVodTVSpider-master\app\src\main\java\com\github\catvod\spider\Enlienli.java,com.github.catvod.spider.Enlienli,"searchContent/2[java.lang.String,boolean]",siteUrl,1
C:\CatVodTVSpider-master\app\src\main\java\com\github\catvod\spider\XPath.java,com.github.catvod.spider.XPath,homeContent/1[boolean],rule,23
C:\CatVodTVSpider-master\app\src\main\java\com\github\catvod\spider\XPath.java,com.github.catvod.spider.XPath,"init/2[com.github.catvod.spider.Context,java.lang.String]",ext,1
C:\CatVodTVSpider-master\app\src\main\java\com\github\catvod\spider\XPath.java,com.github.catvod.spider.XPath,detailContent/1[java.util.List<java.lang.String>],rule,36
C:\CatVodTVSpider-master\app\src\main\java\com\github\catvod\spider\XPath.java,com.github.catvod.spider.XPath,getHeaders/1[java.lang.String],rule,2
C:\CatVodTVSpider-master\app\src\main\java\com\github\catvod\spider\XPath.java,com.github.catvod.spider.XPath,"playerContent/3[java.lang.String,java.lang.String,java.util.List<java.lang.String>]",rule,4
C:\CatVodTVSpider-master\app\src\main\java\com\github\catvod\spider\XPath.java,com.github.catvod.spider.XPath,fetchRule/0,ext,5
C:\CatVodTVSpider-master\app\src\main\java\com\github\catvod\spider\XPath.java,com.github.catvod.spider.XPath,fetchRule/0,rule,3
C:\CatVodTVSpider-master\app\src\main\java\com\github\catvod\spider\XPath.java,com.github.catvod.spider.XPath,"categoryUrl/4[java.lang.String,java.lang.String,boolean,java.util.HashMap<java.lang.String,java.lang.String>]",rule,1
C:\CatVodTVSpider-master\app\src\main\java\com\github\catvod\spider\XPath.java,com.github.catvod.spider.XPath,isVideoFormat/1[java.lang.String],videoFormatList,1
C:\CatVodTVSpider-master\app\src\main\java\com\github\catvod\spider\XPath.java,com.github.catvod.spider.XPath,"searchContent/2[java.lang.String,boolean]",rule,22
C:\CatVodTVSpider-master\app\src\main\java\com\github\catvod\spider\XPath.java,com.github.catvod.spider.XPath,"categoryContent/4[java.lang.String,java.lang.String,boolean,java.util.HashMap<java.lang.String,java.lang.String>]",rule,10
C:\CatVodTVSpider-master\app\src\main\java\com\github\catvod\spider\Imaple.java,com.github.catvod.spider.Imaple,"categoryContent/4[java.lang.String,java.lang.String,boolean,java.util.HashMap<java.lang.String,java.lang.String>]",siteUrl,1
C:\CatVodTVSpider-master\app\src\main\java\com\github\catvod\spider\Imaple.java,com.github.catvod.spider.Imaple,"categoryContent/4[java.lang.String,java.lang.String,boolean,java.util.HashMap<java.lang.String,java.lang.String>]",regexPage,2
C:\CatVodTVSpider-master\app\src\main\java\com\github\catvod\spider\Imaple.java,com.github.catvod.spider.Imaple,"categoryContent/4[java.lang.String,java.lang.String,boolean,java.util.HashMap<java.lang.String,java.lang.String>]",regexVid,1
C:\CatVodTVSpider-master\app\src\main\java\com\github\catvod\spider\Imaple.java,com.github.catvod.spider.Imaple,init/1[com.github.catvod.spider.Context],playerConfig,1
C:\CatVodTVSpider-master\app\src\main\java\com\github\catvod\spider\Imaple.java,com.github.catvod.spider.Imaple,init/1[com.github.catvod.spider.Context],filterConfig,1
C:\CatVodTVSpider-master\app\src\main\java\com\github\catvod\spider\Imaple.java,com.github.catvod.spider.Imaple,homeContent/1[boolean],siteUrl,1
C:\CatVodTVSpider-master\app\src\main\java\com\github\catvod\spider\Imaple.java,com.github.catvod.spider.Imaple,homeContent/1[boolean],regexCategory,1
C:\CatVodTVSpider-master\app\src\main\java\com\github\catvod\spider\Imaple.java,com.github.catvod.spider.Imaple,homeContent/1[boolean],filterConfig,1
C:\CatVodTVSpider-master\app\src\main\java\com\github\catvod\spider\Imaple.java,com.github.catvod.spider.Imaple,homeContent/1[boolean],regexVid,1
C:\CatVodTVSpider-master\app\src\main\java\com\github\catvod\spider\Imaple.java,com.github.catvod.spider.Imaple,"playerContent/3[java.lang.String,java.lang.String,java.util.List<java.lang.String>]",playerConfig,2
C:\CatVodTVSpider-master\app\src\main\java\com\github\catvod\spider\Imaple.java,com.github.catvod.spider.Imaple,"playerContent/3[java.lang.String,java.lang.String,java.util.List<java.lang.String>]",siteUrl,1
C:\CatVodTVSpider-master\app\src\main\java\com\github\catvod\spider\Imaple.java,com.github.catvod.spider.Imaple,"searchContent/2[java.lang.String,boolean]",siteUrl,1
C:\CatVodTVSpider-master\app\src\main\java\com\github\catvod\spider\Imaple.java,com.github.catvod.spider.Imaple,getHeaders/1[java.lang.String],siteHost,1
C:\CatVodTVSpider-master\app\src\main\java\com\github\catvod\spider\Imaple.java,com.github.catvod.spider.Imaple,detailContent/1[java.util.List<java.lang.String>],playerConfig,2
C:\CatVodTVSpider-master\app\src\main\java\com\github\catvod\spider\Imaple.java,com.github.catvod.spider.Imaple,detailContent/1[java.util.List<java.lang.String>],siteUrl,1
C:\CatVodTVSpider-master\app\src\main\java\com\github\catvod\spider\Imaple.java,com.github.catvod.spider.Imaple,detailContent/1[java.util.List<java.lang.String>],regexPlay,1
C:\CatVodTVSpider-master\app\src\main\java\com\github\catvod\parser\MixDemo.java,com.github.catvod.parser.MixDemo,"parse/4[java.util.LinkedHashMap<java.lang.String,java.util.HashMap<java.lang.String,java.lang.String>>,java.lang.String,java.lang.String,java.lang.String]",configs,5
C:\CatVodTVSpider-master\app\src\main\java\com\github\catvod\parser\MixDemo.java,com.github.catvod.parser.MixDemo,"parse/4[java.util.LinkedHashMap<java.lang.String,java.util.HashMap<java.lang.String,java.lang.String>>,java.lang.String,java.lang.String,java.lang.String]",flagWebJx,1
C:\CatVodTVSpider-master\app\src\main\java\com\github\catvod\parser\MixDemo.java,com.github.catvod.parser.MixDemo,"loadHtml/2[java.lang.String,java.lang.String]",flagWebJx,2
C:\CatVodTVSpider-master\app\src\main\java\com\github\catvod\spider\XPathNfMov.java,com.github.catvod.spider.XPathNfMov,fetch/1[java.lang.String],cookies,1
C:\CatVodTVSpider-master\app\src\main\java\com\github\catvod\spider\XPathNfMov.java,com.github.catvod.spider.XPathNfMov,getHeaders/1[java.lang.String],cookies,2
